
q15.elf:     file format elf32-avr

Sections:
Idx Name          Size      VMA       LMA       File off  Algn
  0 .data         00000060  00800100  00001ac4  00001b58  2**0
                  CONTENTS, ALLOC, LOAD, DATA
  1 .text         00001ac4  00000000  00000000  00000094  2**1
                  CONTENTS, ALLOC, LOAD, READONLY, CODE
  2 .bss          00000044  00800160  00800160  00001bb8  2**0
                  ALLOC
  3 .comment      00000030  00000000  00000000  00001bb8  2**0
                  CONTENTS, READONLY
  4 .note.gnu.avr.deviceinfo 00000040  00000000  00000000  00001be8  2**2
                  CONTENTS, READONLY
  5 .debug_aranges 00000100  00000000  00000000  00001c28  2**0
                  CONTENTS, READONLY, DEBUGGING
  6 .debug_info   000018d9  00000000  00000000  00001d28  2**0
                  CONTENTS, READONLY, DEBUGGING
  7 .debug_abbrev 00000b63  00000000  00000000  00003601  2**0
                  CONTENTS, READONLY, DEBUGGING
  8 .debug_line   00000e01  00000000  00000000  00004164  2**0
                  CONTENTS, READONLY, DEBUGGING
  9 .debug_frame  000002a0  00000000  00000000  00004f68  2**2
                  CONTENTS, READONLY, DEBUGGING
 10 .debug_str    000005ab  00000000  00000000  00005208  2**0
                  CONTENTS, READONLY, DEBUGGING
 11 .debug_loc    000014dc  00000000  00000000  000057b3  2**0
                  CONTENTS, READONLY, DEBUGGING
 12 .debug_ranges 000000d8  00000000  00000000  00006c8f  2**0
                  CONTENTS, READONLY, DEBUGGING

Disassembly of section .text:

00000000 <__vectors>:
       0:	0c 94 eb 00 	jmp	0x1d6	; 0x1d6 <__ctors_end>
       4:	0c 94 08 01 	jmp	0x210	; 0x210 <__bad_interrupt>
       8:	0c 94 08 01 	jmp	0x210	; 0x210 <__bad_interrupt>
       c:	0c 94 08 01 	jmp	0x210	; 0x210 <__bad_interrupt>
      10:	0c 94 08 01 	jmp	0x210	; 0x210 <__bad_interrupt>
      14:	0c 94 08 01 	jmp	0x210	; 0x210 <__bad_interrupt>
      18:	0c 94 08 01 	jmp	0x210	; 0x210 <__bad_interrupt>
      1c:	0c 94 08 01 	jmp	0x210	; 0x210 <__bad_interrupt>
      20:	0c 94 08 01 	jmp	0x210	; 0x210 <__bad_interrupt>
      24:	0c 94 08 01 	jmp	0x210	; 0x210 <__bad_interrupt>
      28:	0c 94 08 01 	jmp	0x210	; 0x210 <__bad_interrupt>
      2c:	0c 94 08 01 	jmp	0x210	; 0x210 <__bad_interrupt>
      30:	0c 94 08 01 	jmp	0x210	; 0x210 <__bad_interrupt>
      34:	0c 94 08 01 	jmp	0x210	; 0x210 <__bad_interrupt>
      38:	0c 94 08 01 	jmp	0x210	; 0x210 <__bad_interrupt>
      3c:	0c 94 08 01 	jmp	0x210	; 0x210 <__bad_interrupt>
      40:	0c 94 08 01 	jmp	0x210	; 0x210 <__bad_interrupt>
      44:	0c 94 08 01 	jmp	0x210	; 0x210 <__bad_interrupt>
      48:	0c 94 08 01 	jmp	0x210	; 0x210 <__bad_interrupt>
      4c:	0c 94 08 01 	jmp	0x210	; 0x210 <__bad_interrupt>
      50:	0c 94 08 01 	jmp	0x210	; 0x210 <__bad_interrupt>
      54:	0c 94 08 01 	jmp	0x210	; 0x210 <__bad_interrupt>
      58:	0c 94 08 01 	jmp	0x210	; 0x210 <__bad_interrupt>
      5c:	0c 94 08 01 	jmp	0x210	; 0x210 <__bad_interrupt>
      60:	0c 94 08 01 	jmp	0x210	; 0x210 <__bad_interrupt>
      64:	0c 94 08 01 	jmp	0x210	; 0x210 <__bad_interrupt>
      68:	a5 07       	cpc	r26, r21
      6a:	ad 07       	cpc	r26, r29
      6c:	b6 07       	cpc	r27, r22
      6e:	d0 07       	cpc	r29, r16
      70:	d0 07       	cpc	r29, r16
      72:	d0 07       	cpc	r29, r16
      74:	d0 07       	cpc	r29, r16
      76:	d0 07       	cpc	r29, r16
      78:	d0 07       	cpc	r29, r16
      7a:	d0 07       	cpc	r29, r16
      7c:	d0 07       	cpc	r29, r16
      7e:	d0 07       	cpc	r29, r16
      80:	d0 07       	cpc	r29, r16
      82:	d0 07       	cpc	r29, r16
      84:	d0 07       	cpc	r29, r16
      86:	bf 07       	cpc	r27, r31
      88:	d0 07       	cpc	r29, r16
      8a:	d0 07       	cpc	r29, r16
      8c:	d0 07       	cpc	r29, r16
      8e:	c8 07       	cpc	r28, r24
      90:	d0 07       	cpc	r29, r16
      92:	d0 07       	cpc	r29, r16
      94:	d0 07       	cpc	r29, r16
      96:	d0 07       	cpc	r29, r16
      98:	d0 07       	cpc	r29, r16
      9a:	d0 07       	cpc	r29, r16
      9c:	d0 07       	cpc	r29, r16
      9e:	d0 07       	cpc	r29, r16
      a0:	d0 07       	cpc	r29, r16
      a2:	d0 07       	cpc	r29, r16
      a4:	d0 07       	cpc	r29, r16
      a6:	d0 07       	cpc	r29, r16
      a8:	ac 06       	cpc	r10, r28
      aa:	b5 06       	cpc	r11, r21
      ac:	bf 06       	cpc	r11, r31
      ae:	c9 06       	cpc	r12, r25
      b0:	d3 06       	cpc	r13, r19
      b2:	dc 06       	cpc	r13, r28
      b4:	e7 06       	cpc	r14, r23
      b6:	f1 06       	cpc	r15, r17
      b8:	fb 06       	cpc	r15, r27
      ba:	04 07       	cpc	r16, r20
      bc:	0e 07       	cpc	r16, r30
      be:	18 07       	cpc	r17, r24
      c0:	21 07       	cpc	r18, r17
      c2:	2b 07       	cpc	r18, r27
      c4:	35 07       	cpc	r19, r21
      c6:	3d 07       	cpc	r19, r29
      c8:	46 07       	cpc	r20, r22
      ca:	50 07       	cpc	r21, r16
      cc:	59 07       	cpc	r21, r25
      ce:	62 07       	cpc	r22, r18
      d0:	6d 07       	cpc	r22, r29
      d2:	77 07       	cpc	r23, r23
      d4:	80 07       	cpc	r24, r16
      d6:	89 07       	cpc	r24, r25
      d8:	92 07       	cpc	r25, r18
      da:	9b 07       	cpc	r25, r27

000000dc <__trampolines_end>:
      dc:	00 40       	sbci	r16, 0x00	; 0
      de:	7a 10       	cpse	r7, r10
      e0:	f3 5a       	subi	r31, 0xA3	; 163
      e2:	00 a0       	ldd	r0, Z+32	; 0x20
      e4:	72 4e       	sbci	r23, 0xE2	; 226
      e6:	18 09       	sbc	r17, r8
      e8:	00 10       	cpse	r0, r0
      ea:	a5 d4       	rcall	.+2378   	; 0xa36 <main+0x14>
      ec:	e8 00       	.word	0x00e8	; ????
      ee:	00 e8       	ldi	r16, 0x80	; 128
      f0:	76 48       	sbci	r23, 0x86	; 134
      f2:	17 00       	.word	0x0017	; ????
      f4:	00 e4       	ldi	r16, 0x40	; 64
      f6:	0b 54       	subi	r16, 0x4B	; 75
      f8:	02 00       	.word	0x0002	; ????
      fa:	00 ca       	rjmp	.-3072   	; 0xfffff4fc <__eeprom_end+0xff7ef4fc>
      fc:	9a 3b       	cpi	r25, 0xBA	; 186
      fe:	00 00       	nop
     100:	00 e1       	ldi	r16, 0x10	; 16
     102:	f5 05       	cpc	r31, r5
     104:	00 00       	nop
     106:	80 96       	adiw	r24, 0x20	; 32
     108:	98 00       	.word	0x0098	; ????
     10a:	00 00       	nop
     10c:	40 42       	sbci	r20, 0x20	; 32
     10e:	0f 00       	.word	0x000f	; ????
     110:	00 00       	nop
     112:	a0 86       	std	Z+8, r10	; 0x08
     114:	01 00       	.word	0x0001	; ????
     116:	00 00       	nop
     118:	10 27       	eor	r17, r16
     11a:	00 00       	nop
     11c:	00 00       	nop
     11e:	e8 03       	fmulsu	r22, r16
     120:	00 00       	nop
     122:	00 00       	nop
     124:	64 00       	.word	0x0064	; ????
     126:	00 00       	nop
     128:	00 00       	nop
     12a:	0a 00       	.word	0x000a	; ????
     12c:	00 00       	nop
     12e:	00 00       	nop
     130:	01 00       	.word	0x0001	; ????
     132:	00 00       	nop
     134:	00 00       	nop
     136:	2c 76       	andi	r18, 0x6C	; 108
     138:	d8 88       	ldd	r13, Y+16	; 0x10
     13a:	dc 67       	ori	r29, 0x7C	; 124
     13c:	4f 08       	sbc	r4, r15
     13e:	23 df       	rcall	.-442    	; 0xffffff86 <__eeprom_end+0xff7eff86>
     140:	c1 df       	rcall	.-126    	; 0xc4 <__SREG__+0x85>
     142:	ae 59       	subi	r26, 0x9E	; 158
     144:	e1 b1       	in	r30, 0x01	; 1
     146:	b7 96       	adiw	r30, 0x27	; 39
     148:	e5 e3       	ldi	r30, 0x35	; 53
     14a:	e4 53       	subi	r30, 0x34	; 52
     14c:	c6 3a       	cpi	r28, 0xA6	; 166
     14e:	e6 51       	subi	r30, 0x16	; 22
     150:	99 76       	andi	r25, 0x69	; 105
     152:	96 e8       	ldi	r25, 0x86	; 134
     154:	e6 c2       	rjmp	.+1484   	; 0x722 <BMP280_ReadPressure+0x22c>
     156:	84 26       	eor	r8, r20
     158:	eb 89       	ldd	r30, Y+19	; 0x13
     15a:	8c 9b       	sbis	0x11, 4	; 17
     15c:	62 ed       	ldi	r22, 0xD2	; 210
     15e:	40 7c       	andi	r20, 0xC0	; 192
     160:	6f fc       	.word	0xfc6f	; ????
     162:	ef bc       	out	0x2f, r14	; 47
     164:	9c 9f       	mul	r25, r28
     166:	40 f2       	brcs	.-112    	; 0xf8 <__trampolines_end+0x1c>
     168:	ba a5       	ldd	r27, Y+42	; 0x2a
     16a:	6f a5       	ldd	r22, Y+47	; 0x2f
     16c:	f4 90       	lpm	r15, Z
     16e:	05 5a       	subi	r16, 0xA5	; 165
     170:	2a f7       	brpl	.-54     	; 0x13c <__trampolines_end+0x60>
     172:	5c 93       	st	X, r21
     174:	6b 6c       	ori	r22, 0xCB	; 203
     176:	f9 67       	ori	r31, 0x79	; 121
     178:	6d c1       	rjmp	.+730    	; 0x454 <__EEPROM_REGION_LENGTH__+0x54>
     17a:	1b fc       	.word	0xfc1b	; ????
     17c:	e0 e4       	ldi	r30, 0x40	; 64
     17e:	0d 47       	sbci	r16, 0x7D	; 125
     180:	fe f5       	brtc	.+126    	; 0x200 <.do_clear_bss_loop>
     182:	20 e6       	ldi	r18, 0x60	; 96
     184:	b5 00       	.word	0x00b5	; ????
     186:	d0 ed       	ldi	r29, 0xD0	; 208
     188:	90 2e       	mov	r9, r16
     18a:	03 00       	.word	0x0003	; ????
     18c:	94 35       	cpi	r25, 0x54	; 84
     18e:	77 05       	cpc	r23, r7
     190:	00 80       	ld	r0, Z
     192:	84 1e       	adc	r8, r20
     194:	08 00       	.word	0x0008	; ????
     196:	00 20       	and	r0, r0
     198:	4e 0a       	sbc	r4, r30
     19a:	00 00       	nop
     19c:	00 c8       	rjmp	.-4096   	; 0xfffff19e <__eeprom_end+0xff7ef19e>
     19e:	0c 33       	cpi	r16, 0x3C	; 60
     1a0:	33 33       	cpi	r19, 0x33	; 51
     1a2:	33 0f       	add	r19, r19
     1a4:	98 6e       	ori	r25, 0xE8	; 232
     1a6:	12 83       	std	Z+2, r17	; 0x02
     1a8:	11 41       	sbci	r17, 0x11	; 17
     1aa:	ef 8d       	ldd	r30, Y+31	; 0x1f
     1ac:	21 14       	cp	r2, r1
     1ae:	89 3b       	cpi	r24, 0xB9	; 185
     1b0:	e6 55       	subi	r30, 0x56	; 86
     1b2:	16 cf       	rjmp	.-468    	; 0xffffffe0 <__eeprom_end+0xff7effe0>
     1b4:	fe e6       	ldi	r31, 0x6E	; 110
     1b6:	db 18       	sub	r13, r11
     1b8:	d1 84       	ldd	r13, Z+9	; 0x09
     1ba:	4b 38       	cpi	r20, 0x8B	; 139
     1bc:	1b f7       	brvc	.-58     	; 0x184 <__trampolines_end+0xa8>
     1be:	7c 1d       	adc	r23, r12
     1c0:	90 1d       	adc	r25, r0
     1c2:	a4 bb       	out	0x14, r26	; 20
     1c4:	e4 24       	eor	r14, r4
     1c6:	20 32       	cpi	r18, 0x20	; 32
     1c8:	84 72       	andi	r24, 0x24	; 36
     1ca:	5e 22       	and	r5, r30
     1cc:	81 00       	.word	0x0081	; ????
     1ce:	c9 f1       	breq	.+114    	; 0x242 <BMP280_Read16_LE+0x6>
     1d0:	24 ec       	ldi	r18, 0xC4	; 196
     1d2:	a1 e5       	ldi	r26, 0x51	; 81
     1d4:	3d 27       	eor	r19, r29

000001d6 <__ctors_end>:
     1d6:	11 24       	eor	r1, r1
     1d8:	1f be       	out	0x3f, r1	; 63
     1da:	cf ef       	ldi	r28, 0xFF	; 255
     1dc:	d8 e0       	ldi	r29, 0x08	; 8
     1de:	de bf       	out	0x3e, r29	; 62
     1e0:	cd bf       	out	0x3d, r28	; 61

000001e2 <__do_copy_data>:
     1e2:	11 e0       	ldi	r17, 0x01	; 1
     1e4:	a0 e0       	ldi	r26, 0x00	; 0
     1e6:	b1 e0       	ldi	r27, 0x01	; 1
     1e8:	e4 ec       	ldi	r30, 0xC4	; 196
     1ea:	fa e1       	ldi	r31, 0x1A	; 26
     1ec:	02 c0       	rjmp	.+4      	; 0x1f2 <__do_copy_data+0x10>
     1ee:	05 90       	lpm	r0, Z+
     1f0:	0d 92       	st	X+, r0
     1f2:	a0 36       	cpi	r26, 0x60	; 96
     1f4:	b1 07       	cpc	r27, r17
     1f6:	d9 f7       	brne	.-10     	; 0x1ee <__do_copy_data+0xc>

000001f8 <__do_clear_bss>:
     1f8:	21 e0       	ldi	r18, 0x01	; 1
     1fa:	a0 e6       	ldi	r26, 0x60	; 96
     1fc:	b1 e0       	ldi	r27, 0x01	; 1
     1fe:	01 c0       	rjmp	.+2      	; 0x202 <.do_clear_bss_start>

00000200 <.do_clear_bss_loop>:
     200:	1d 92       	st	X+, r1

00000202 <.do_clear_bss_start>:
     202:	a4 3a       	cpi	r26, 0xA4	; 164
     204:	b2 07       	cpc	r27, r18
     206:	e1 f7       	brne	.-8      	; 0x200 <.do_clear_bss_loop>
     208:	0e 94 11 05 	call	0xa22	; 0xa22 <main>
     20c:	0c 94 60 0d 	jmp	0x1ac0	; 0x1ac0 <_exit>

00000210 <__bad_interrupt>:
     210:	0c 94 00 00 	jmp	0	; 0x0 <__vectors>

00000214 <BMP280_Write>:
int16_t dig_P9;

int32_t t_fine;

void BMP280_Write(uint8_t reg, uint8_t value)
{
     214:	cf 93       	push	r28
     216:	df 93       	push	r29
     218:	d8 2f       	mov	r29, r24
     21a:	c6 2f       	mov	r28, r22
	I2C_Start();
     21c:	0e 94 e3 04 	call	0x9c6	; 0x9c6 <I2C_Start>
	I2C_Write((BMP280_ADDR << 1) | 0);
     220:	8c ee       	ldi	r24, 0xEC	; 236
     222:	0e 94 f3 04 	call	0x9e6	; 0x9e6 <I2C_Write>
	I2C_Write(reg);
     226:	8d 2f       	mov	r24, r29
     228:	0e 94 f3 04 	call	0x9e6	; 0x9e6 <I2C_Write>
	I2C_Write(value);
     22c:	8c 2f       	mov	r24, r28
     22e:	0e 94 f3 04 	call	0x9e6	; 0x9e6 <I2C_Write>
	I2C_Stop();
     232:	0e 94 eb 04 	call	0x9d6	; 0x9d6 <I2C_Stop>
}
     236:	df 91       	pop	r29
     238:	cf 91       	pop	r28
     23a:	08 95       	ret

0000023c <BMP280_Read16_LE>:

uint16_t BMP280_Read16_LE(uint8_t reg)
{
     23c:	cf 93       	push	r28
     23e:	df 93       	push	r29
     240:	c8 2f       	mov	r28, r24
	uint16_t value;
	uint8_t lsb, msb;
	I2C_Start();
     242:	0e 94 e3 04 	call	0x9c6	; 0x9c6 <I2C_Start>
	I2C_Write((BMP280_ADDR << 1) | 0);
     246:	8c ee       	ldi	r24, 0xEC	; 236
     248:	0e 94 f3 04 	call	0x9e6	; 0x9e6 <I2C_Write>
	I2C_Write(reg);
     24c:	8c 2f       	mov	r24, r28
     24e:	0e 94 f3 04 	call	0x9e6	; 0x9e6 <I2C_Write>
	I2C_Start();
     252:	0e 94 e3 04 	call	0x9c6	; 0x9c6 <I2C_Start>
	I2C_Write((BMP280_ADDR << 1) | 1);
     256:	8d ee       	ldi	r24, 0xED	; 237
     258:	0e 94 f3 04 	call	0x9e6	; 0x9e6 <I2C_Write>
	lsb = I2C_Read_ACK();
     25c:	0e 94 fd 04 	call	0x9fa	; 0x9fa <I2C_Read_ACK>
     260:	d8 2f       	mov	r29, r24
	msb = I2C_Read_NACK();
     262:	0e 94 07 05 	call	0xa0e	; 0xa0e <I2C_Read_NACK>
     266:	c8 2f       	mov	r28, r24
	I2C_Stop();
     268:	0e 94 eb 04 	call	0x9d6	; 0x9d6 <I2C_Stop>
	value = ((uint16_t)msb << 8) | lsb;
     26c:	8c 2f       	mov	r24, r28
     26e:	90 e0       	ldi	r25, 0x00	; 0
     270:	98 2f       	mov	r25, r24
     272:	88 27       	eor	r24, r24
	return value;
}
     274:	8d 2b       	or	r24, r29
     276:	df 91       	pop	r29
     278:	cf 91       	pop	r28
     27a:	08 95       	ret

0000027c <BMP280_Read24>:

int32_t BMP280_Read24(uint8_t reg)
{
     27c:	1f 93       	push	r17
     27e:	cf 93       	push	r28
     280:	df 93       	push	r29
     282:	c8 2f       	mov	r28, r24
	int32_t value;
	uint8_t msb, lsb, xlsb;
	I2C_Start();
     284:	0e 94 e3 04 	call	0x9c6	; 0x9c6 <I2C_Start>
	I2C_Write((BMP280_ADDR << 1) | 0);
     288:	8c ee       	ldi	r24, 0xEC	; 236
     28a:	0e 94 f3 04 	call	0x9e6	; 0x9e6 <I2C_Write>
	I2C_Write(reg);
     28e:	8c 2f       	mov	r24, r28
     290:	0e 94 f3 04 	call	0x9e6	; 0x9e6 <I2C_Write>
	I2C_Start();
     294:	0e 94 e3 04 	call	0x9c6	; 0x9c6 <I2C_Start>
	I2C_Write((BMP280_ADDR << 1) | 1);
     298:	8d ee       	ldi	r24, 0xED	; 237
     29a:	0e 94 f3 04 	call	0x9e6	; 0x9e6 <I2C_Write>

	msb  = I2C_Read_ACK();
     29e:	0e 94 fd 04 	call	0x9fa	; 0x9fa <I2C_Read_ACK>
     2a2:	c8 2f       	mov	r28, r24
	lsb  = I2C_Read_ACK();
     2a4:	0e 94 fd 04 	call	0x9fa	; 0x9fa <I2C_Read_ACK>
     2a8:	18 2f       	mov	r17, r24
	xlsb = I2C_Read_NACK();
     2aa:	0e 94 07 05 	call	0xa0e	; 0xa0e <I2C_Read_NACK>
     2ae:	d8 2f       	mov	r29, r24

	I2C_Stop();
     2b0:	0e 94 eb 04 	call	0x9d6	; 0x9d6 <I2C_Stop>

	value = ((uint32_t)msb << 16) |
     2b4:	8c 2f       	mov	r24, r28
     2b6:	90 e0       	ldi	r25, 0x00	; 0
     2b8:	a0 e0       	ldi	r26, 0x00	; 0
     2ba:	b0 e0       	ldi	r27, 0x00	; 0
     2bc:	bc 01       	movw	r22, r24
     2be:	55 27       	eor	r21, r21
     2c0:	44 27       	eor	r20, r20
	((uint16_t)lsb << 8) |
     2c2:	81 2f       	mov	r24, r17
     2c4:	90 e0       	ldi	r25, 0x00	; 0
     2c6:	98 2f       	mov	r25, r24
     2c8:	88 27       	eor	r24, r24
	lsb  = I2C_Read_ACK();
	xlsb = I2C_Read_NACK();

	I2C_Stop();

	value = ((uint32_t)msb << 16) |
     2ca:	a0 e0       	ldi	r26, 0x00	; 0
     2cc:	b0 e0       	ldi	r27, 0x00	; 0
     2ce:	84 2b       	or	r24, r20
     2d0:	95 2b       	or	r25, r21
     2d2:	a6 2b       	or	r26, r22
     2d4:	b7 2b       	or	r27, r23
	((uint16_t)lsb << 8) |
     2d6:	bc 01       	movw	r22, r24
     2d8:	cd 01       	movw	r24, r26
     2da:	6d 2b       	or	r22, r29
	xlsb;

	return value;
}
     2dc:	df 91       	pop	r29
     2de:	cf 91       	pop	r28
     2e0:	1f 91       	pop	r17
     2e2:	08 95       	ret

000002e4 <BMP280_Init>:

void BMP280_Init(void)
{
	dig_T1 = BMP280_Read16_LE(0x88);
     2e4:	88 e8       	ldi	r24, 0x88	; 136
     2e6:	0e 94 1e 01 	call	0x23c	; 0x23c <BMP280_Read16_LE>
     2ea:	90 93 63 01 	sts	0x0163, r25	; 0x800163 <dig_T1+0x1>
     2ee:	80 93 62 01 	sts	0x0162, r24	; 0x800162 <dig_T1>
	dig_T2 = (int16_t)BMP280_Read16_LE(0x8A);
     2f2:	8a e8       	ldi	r24, 0x8A	; 138
     2f4:	0e 94 1e 01 	call	0x23c	; 0x23c <BMP280_Read16_LE>
     2f8:	90 93 65 01 	sts	0x0165, r25	; 0x800165 <dig_T2+0x1>
     2fc:	80 93 64 01 	sts	0x0164, r24	; 0x800164 <dig_T2>
	dig_T3 = (int16_t)BMP280_Read16_LE(0x8C);
     300:	8c e8       	ldi	r24, 0x8C	; 140
     302:	0e 94 1e 01 	call	0x23c	; 0x23c <BMP280_Read16_LE>
     306:	90 93 75 01 	sts	0x0175, r25	; 0x800175 <dig_T3+0x1>
     30a:	80 93 74 01 	sts	0x0174, r24	; 0x800174 <dig_T3>

	dig_P1 = BMP280_Read16_LE(0x8E);
     30e:	8e e8       	ldi	r24, 0x8E	; 142
     310:	0e 94 1e 01 	call	0x23c	; 0x23c <BMP280_Read16_LE>
     314:	90 93 6d 01 	sts	0x016D, r25	; 0x80016d <dig_P1+0x1>
     318:	80 93 6c 01 	sts	0x016C, r24	; 0x80016c <dig_P1>
	dig_P2 = (int16_t)BMP280_Read16_LE(0x90);
     31c:	80 e9       	ldi	r24, 0x90	; 144
     31e:	0e 94 1e 01 	call	0x23c	; 0x23c <BMP280_Read16_LE>
     322:	90 93 67 01 	sts	0x0167, r25	; 0x800167 <dig_P2+0x1>
     326:	80 93 66 01 	sts	0x0166, r24	; 0x800166 <dig_P2>
	dig_P3 = (int16_t)BMP280_Read16_LE(0x92);
     32a:	82 e9       	ldi	r24, 0x92	; 146
     32c:	0e 94 1e 01 	call	0x23c	; 0x23c <BMP280_Read16_LE>
     330:	90 93 6f 01 	sts	0x016F, r25	; 0x80016f <dig_P3+0x1>
     334:	80 93 6e 01 	sts	0x016E, r24	; 0x80016e <dig_P3>
	dig_P4 = (int16_t)BMP280_Read16_LE(0x94);
     338:	84 e9       	ldi	r24, 0x94	; 148
     33a:	0e 94 1e 01 	call	0x23c	; 0x23c <BMP280_Read16_LE>
     33e:	90 93 69 01 	sts	0x0169, r25	; 0x800169 <dig_P4+0x1>
     342:	80 93 68 01 	sts	0x0168, r24	; 0x800168 <dig_P4>
	dig_P5 = (int16_t)BMP280_Read16_LE(0x96);
     346:	86 e9       	ldi	r24, 0x96	; 150
     348:	0e 94 1e 01 	call	0x23c	; 0x23c <BMP280_Read16_LE>
     34c:	90 93 6b 01 	sts	0x016B, r25	; 0x80016b <dig_P5+0x1>
     350:	80 93 6a 01 	sts	0x016A, r24	; 0x80016a <dig_P5>
	dig_P6 = (int16_t)BMP280_Read16_LE(0x98);
     354:	88 e9       	ldi	r24, 0x98	; 152
     356:	0e 94 1e 01 	call	0x23c	; 0x23c <BMP280_Read16_LE>
     35a:	90 93 77 01 	sts	0x0177, r25	; 0x800177 <dig_P6+0x1>
     35e:	80 93 76 01 	sts	0x0176, r24	; 0x800176 <dig_P6>
	dig_P7 = (int16_t)BMP280_Read16_LE(0x9A);
     362:	8a e9       	ldi	r24, 0x9A	; 154
     364:	0e 94 1e 01 	call	0x23c	; 0x23c <BMP280_Read16_LE>
     368:	90 93 61 01 	sts	0x0161, r25	; 0x800161 <__data_end+0x1>
     36c:	80 93 60 01 	sts	0x0160, r24	; 0x800160 <__data_end>
	dig_P8 = (int16_t)BMP280_Read16_LE(0x9C);
     370:	8c e9       	ldi	r24, 0x9C	; 156
     372:	0e 94 1e 01 	call	0x23c	; 0x23c <BMP280_Read16_LE>
     376:	90 93 71 01 	sts	0x0171, r25	; 0x800171 <dig_P8+0x1>
     37a:	80 93 70 01 	sts	0x0170, r24	; 0x800170 <dig_P8>
	dig_P9 = (int16_t)BMP280_Read16_LE(0x9E);
     37e:	8e e9       	ldi	r24, 0x9E	; 158
     380:	0e 94 1e 01 	call	0x23c	; 0x23c <BMP280_Read16_LE>
     384:	90 93 73 01 	sts	0x0173, r25	; 0x800173 <dig_P9+0x1>
     388:	80 93 72 01 	sts	0x0172, r24	; 0x800172 <dig_P9>

	BMP280_Write(0xF4, 0x27);
     38c:	67 e2       	ldi	r22, 0x27	; 39
     38e:	84 ef       	ldi	r24, 0xF4	; 244
     390:	0e 94 0a 01 	call	0x214	; 0x214 <BMP280_Write>
	BMP280_Write(0xF5, 0xA0);
     394:	60 ea       	ldi	r22, 0xA0	; 160
     396:	85 ef       	ldi	r24, 0xF5	; 245
     398:	0e 94 0a 01 	call	0x214	; 0x214 <BMP280_Write>
	#else
		//round up by default
		__ticks_dc = (uint32_t)(ceil(fabs(__tmp)));
	#endif

	__builtin_avr_delay_cycles(__ticks_dc);
     39c:	2f ef       	ldi	r18, 0xFF	; 255
     39e:	81 ee       	ldi	r24, 0xE1	; 225
     3a0:	94 e0       	ldi	r25, 0x04	; 4
     3a2:	21 50       	subi	r18, 0x01	; 1
     3a4:	80 40       	sbci	r24, 0x00	; 0
     3a6:	90 40       	sbci	r25, 0x00	; 0
     3a8:	e1 f7       	brne	.-8      	; 0x3a2 <BMP280_Init+0xbe>
     3aa:	00 c0       	rjmp	.+0      	; 0x3ac <BMP280_Init+0xc8>
     3ac:	00 00       	nop
     3ae:	08 95       	ret

000003b0 <BMP280_ReadTemperature>:
	_delay_ms(100);
}

float BMP280_ReadTemperature(void)
{
     3b0:	4f 92       	push	r4
     3b2:	5f 92       	push	r5
     3b4:	6f 92       	push	r6
     3b6:	7f 92       	push	r7
     3b8:	8f 92       	push	r8
     3ba:	9f 92       	push	r9
     3bc:	af 92       	push	r10
     3be:	bf 92       	push	r11
     3c0:	cf 92       	push	r12
     3c2:	df 92       	push	r13
     3c4:	ef 92       	push	r14
     3c6:	ff 92       	push	r15
	int32_t adc_T;
	int32_t var1, var2;
	float T;
	adc_T = BMP280_Read24(0xFA);
     3c8:	8a ef       	ldi	r24, 0xFA	; 250
     3ca:	0e 94 3e 01 	call	0x27c	; 0x27c <BMP280_Read24>
     3ce:	6b 01       	movw	r12, r22
     3d0:	7c 01       	movw	r14, r24
	adc_T >>= 4;

	var1 = ((((adc_T >> 3) -
     3d2:	ab 01       	movw	r20, r22
     3d4:	bc 01       	movw	r22, r24
     3d6:	68 94       	set
     3d8:	16 f8       	bld	r1, 6
     3da:	75 95       	asr	r23
     3dc:	67 95       	ror	r22
     3de:	57 95       	ror	r21
     3e0:	47 95       	ror	r20
     3e2:	16 94       	lsr	r1
     3e4:	d1 f7       	brne	.-12     	; 0x3da <BMP280_ReadTemperature+0x2a>
	((int32_t)dig_T1 << 1))) *
     3e6:	40 90 62 01 	lds	r4, 0x0162	; 0x800162 <dig_T1>
     3ea:	50 90 63 01 	lds	r5, 0x0163	; 0x800163 <dig_T1+0x1>
     3ee:	61 2c       	mov	r6, r1
     3f0:	71 2c       	mov	r7, r1
     3f2:	d3 01       	movw	r26, r6
     3f4:	c2 01       	movw	r24, r4
     3f6:	88 0f       	add	r24, r24
     3f8:	99 1f       	adc	r25, r25
     3fa:	aa 1f       	adc	r26, r26
     3fc:	bb 1f       	adc	r27, r27
	int32_t var1, var2;
	float T;
	adc_T = BMP280_Read24(0xFA);
	adc_T >>= 4;

	var1 = ((((adc_T >> 3) -
     3fe:	9a 01       	movw	r18, r20
     400:	ab 01       	movw	r20, r22
     402:	28 1b       	sub	r18, r24
     404:	39 0b       	sbc	r19, r25
     406:	4a 0b       	sbc	r20, r26
     408:	5b 0b       	sbc	r21, r27
	((int32_t)dig_T1 << 1))) *
	((int32_t)dig_T2)) >> 11;
     40a:	a0 91 64 01 	lds	r26, 0x0164	; 0x800164 <dig_T2>
     40e:	b0 91 65 01 	lds	r27, 0x0165	; 0x800165 <dig_T2+0x1>
	float T;
	adc_T = BMP280_Read24(0xFA);
	adc_T >>= 4;

	var1 = ((((adc_T >> 3) -
	((int32_t)dig_T1 << 1))) *
     412:	0e 94 72 09 	call	0x12e4	; 0x12e4 <__mulshisi3>
	int32_t var1, var2;
	float T;
	adc_T = BMP280_Read24(0xFA);
	adc_T >>= 4;

	var1 = ((((adc_T >> 3) -
     416:	4b 01       	movw	r8, r22
     418:	5c 01       	movw	r10, r24
     41a:	07 2e       	mov	r0, r23
     41c:	7b e0       	ldi	r23, 0x0B	; 11
     41e:	b5 94       	asr	r11
     420:	a7 94       	ror	r10
     422:	97 94       	ror	r9
     424:	87 94       	ror	r8
     426:	7a 95       	dec	r23
     428:	d1 f7       	brne	.-12     	; 0x41e <__EEPROM_REGION_LENGTH__+0x1e>
     42a:	70 2d       	mov	r23, r0
	((int32_t)dig_T1 << 1))) *
	((int32_t)dig_T2)) >> 11;

	var2 = (((((adc_T >> 4) -
     42c:	bb 27       	eor	r27, r27
     42e:	f7 fc       	sbrc	r15, 7
     430:	ba 95       	dec	r27
     432:	af 2d       	mov	r26, r15
     434:	9e 2d       	mov	r25, r14
     436:	8d 2d       	mov	r24, r13
	((int32_t)dig_T1)) *
	((adc_T >> 4) -
     438:	bc 01       	movw	r22, r24
     43a:	cd 01       	movw	r24, r26
     43c:	64 19       	sub	r22, r4
     43e:	75 09       	sbc	r23, r5
     440:	86 09       	sbc	r24, r6
     442:	97 09       	sbc	r25, r7
	var1 = ((((adc_T >> 3) -
	((int32_t)dig_T1 << 1))) *
	((int32_t)dig_T2)) >> 11;

	var2 = (((((adc_T >> 4) -
	((int32_t)dig_T1)) *
     444:	9b 01       	movw	r18, r22
     446:	ac 01       	movw	r20, r24
     448:	0e 94 51 09 	call	0x12a2	; 0x12a2 <__mulsi3>
	((adc_T >> 4) -
	((int32_t)dig_T1))) >> 12) *
     44c:	9b 01       	movw	r18, r22
     44e:	ac 01       	movw	r20, r24
     450:	01 2e       	mov	r0, r17
     452:	1c e0       	ldi	r17, 0x0C	; 12
     454:	55 95       	asr	r21
     456:	47 95       	ror	r20
     458:	37 95       	ror	r19
     45a:	27 95       	ror	r18
     45c:	1a 95       	dec	r17
     45e:	d1 f7       	brne	.-12     	; 0x454 <__EEPROM_REGION_LENGTH__+0x54>
     460:	10 2d       	mov	r17, r0
	((int32_t)dig_T3)) >> 14;
     462:	a0 91 74 01 	lds	r26, 0x0174	; 0x800174 <dig_T3>
     466:	b0 91 75 01 	lds	r27, 0x0175	; 0x800175 <dig_T3+0x1>
	((int32_t)dig_T2)) >> 11;

	var2 = (((((adc_T >> 4) -
	((int32_t)dig_T1)) *
	((adc_T >> 4) -
	((int32_t)dig_T1))) >> 12) *
     46a:	0e 94 72 09 	call	0x12e4	; 0x12e4 <__mulshisi3>

	var1 = ((((adc_T >> 3) -
	((int32_t)dig_T1 << 1))) *
	((int32_t)dig_T2)) >> 11;

	var2 = (((((adc_T >> 4) -
     46e:	dc 01       	movw	r26, r24
     470:	cb 01       	movw	r24, r22
     472:	07 2e       	mov	r0, r23
     474:	7e e0       	ldi	r23, 0x0E	; 14
     476:	b5 95       	asr	r27
     478:	a7 95       	ror	r26
     47a:	97 95       	ror	r25
     47c:	87 95       	ror	r24
     47e:	7a 95       	dec	r23
     480:	d1 f7       	brne	.-12     	; 0x476 <__EEPROM_REGION_LENGTH__+0x76>
     482:	70 2d       	mov	r23, r0
	((int32_t)dig_T1)) *
	((adc_T >> 4) -
	((int32_t)dig_T1))) >> 12) *
	((int32_t)dig_T3)) >> 14;

	t_fine = var1 + var2;
     484:	88 0d       	add	r24, r8
     486:	99 1d       	adc	r25, r9
     488:	aa 1d       	adc	r26, r10
     48a:	bb 1d       	adc	r27, r11
     48c:	80 93 78 01 	sts	0x0178, r24	; 0x800178 <t_fine>
     490:	90 93 79 01 	sts	0x0179, r25	; 0x800179 <t_fine+0x1>
     494:	a0 93 7a 01 	sts	0x017A, r26	; 0x80017a <t_fine+0x2>
     498:	b0 93 7b 01 	sts	0x017B, r27	; 0x80017b <t_fine+0x3>
	T = (t_fine * 5 + 128) >> 8;
     49c:	6c 01       	movw	r12, r24
     49e:	7d 01       	movw	r14, r26
     4a0:	cc 0c       	add	r12, r12
     4a2:	dd 1c       	adc	r13, r13
     4a4:	ee 1c       	adc	r14, r14
     4a6:	ff 1c       	adc	r15, r15
     4a8:	cc 0c       	add	r12, r12
     4aa:	dd 1c       	adc	r13, r13
     4ac:	ee 1c       	adc	r14, r14
     4ae:	ff 1c       	adc	r15, r15
     4b0:	8c 0d       	add	r24, r12
     4b2:	9d 1d       	adc	r25, r13
     4b4:	ae 1d       	adc	r26, r14
     4b6:	bf 1d       	adc	r27, r15
     4b8:	80 58       	subi	r24, 0x80	; 128
     4ba:	9f 4f       	sbci	r25, 0xFF	; 255
     4bc:	af 4f       	sbci	r26, 0xFF	; 255
     4be:	bf 4f       	sbci	r27, 0xFF	; 255
     4c0:	69 2f       	mov	r22, r25
     4c2:	7a 2f       	mov	r23, r26
     4c4:	8b 2f       	mov	r24, r27
     4c6:	99 27       	eor	r25, r25
     4c8:	87 fd       	sbrc	r24, 7
     4ca:	9a 95       	dec	r25
     4cc:	0e 94 77 08 	call	0x10ee	; 0x10ee <__floatsisf>
	return T / 100.0;
     4d0:	20 e0       	ldi	r18, 0x00	; 0
     4d2:	30 e0       	ldi	r19, 0x00	; 0
     4d4:	48 ec       	ldi	r20, 0xC8	; 200
     4d6:	52 e4       	ldi	r21, 0x42	; 66
     4d8:	0e 94 fd 07 	call	0xffa	; 0xffa <__divsf3>
}
     4dc:	ff 90       	pop	r15
     4de:	ef 90       	pop	r14
     4e0:	df 90       	pop	r13
     4e2:	cf 90       	pop	r12
     4e4:	bf 90       	pop	r11
     4e6:	af 90       	pop	r10
     4e8:	9f 90       	pop	r9
     4ea:	8f 90       	pop	r8
     4ec:	7f 90       	pop	r7
     4ee:	6f 90       	pop	r6
     4f0:	5f 90       	pop	r5
     4f2:	4f 90       	pop	r4
     4f4:	08 95       	ret

000004f6 <BMP280_ReadPressure>:

float BMP280_ReadPressure(void)
{
     4f6:	2f 92       	push	r2
     4f8:	3f 92       	push	r3
     4fa:	4f 92       	push	r4
     4fc:	5f 92       	push	r5
     4fe:	6f 92       	push	r6
     500:	7f 92       	push	r7
     502:	8f 92       	push	r8
     504:	9f 92       	push	r9
     506:	af 92       	push	r10
     508:	bf 92       	push	r11
     50a:	cf 92       	push	r12
     50c:	df 92       	push	r13
     50e:	ef 92       	push	r14
     510:	ff 92       	push	r15
     512:	0f 93       	push	r16
     514:	1f 93       	push	r17
     516:	cf 93       	push	r28
     518:	df 93       	push	r29
     51a:	cd b7       	in	r28, 0x3d	; 61
     51c:	de b7       	in	r29, 0x3e	; 62
     51e:	66 97       	sbiw	r28, 0x16	; 22
     520:	0f b6       	in	r0, 0x3f	; 63
     522:	f8 94       	cli
     524:	de bf       	out	0x3e, r29	; 62
     526:	0f be       	out	0x3f, r0	; 63
     528:	cd bf       	out	0x3d, r28	; 61
	int64_t var1, var2, p;
	int32_t adc_P;
	adc_P = BMP280_Read24(0xF7);
     52a:	87 ef       	ldi	r24, 0xF7	; 247
     52c:	0e 94 3e 01 	call	0x27c	; 0x27c <BMP280_Read24>
	adc_P >>= 4;
     530:	9b 01       	movw	r18, r22
     532:	ac 01       	movw	r20, r24
     534:	68 94       	set
     536:	13 f8       	bld	r1, 3
     538:	55 95       	asr	r21
     53a:	47 95       	ror	r20
     53c:	37 95       	ror	r19
     53e:	27 95       	ror	r18
     540:	16 94       	lsr	r1
     542:	d1 f7       	brne	.-12     	; 0x538 <BMP280_ReadPressure+0x42>
     544:	2f 87       	std	Y+15, r18	; 0x0f
     546:	38 8b       	std	Y+16, r19	; 0x10
     548:	49 8b       	std	Y+17, r20	; 0x11
     54a:	5a 8b       	std	Y+18, r21	; 0x12
	var1 = ((int64_t)t_fine) - 128000;
     54c:	80 91 78 01 	lds	r24, 0x0178	; 0x800178 <t_fine>
     550:	90 91 79 01 	lds	r25, 0x0179	; 0x800179 <t_fine+0x1>
     554:	a0 91 7a 01 	lds	r26, 0x017A	; 0x80017a <t_fine+0x2>
     558:	b0 91 7b 01 	lds	r27, 0x017B	; 0x80017b <t_fine+0x3>
     55c:	6c 01       	movw	r12, r24
     55e:	7d 01       	movw	r14, r26
     560:	ff 0c       	add	r15, r15
     562:	cc 08       	sbc	r12, r12
     564:	dc 2c       	mov	r13, r12
     566:	76 01       	movw	r14, r12
     568:	28 2f       	mov	r18, r24
     56a:	39 2f       	mov	r19, r25
     56c:	4a 2f       	mov	r20, r26
     56e:	5b 2f       	mov	r21, r27
     570:	6c 2d       	mov	r22, r12
     572:	7c 2d       	mov	r23, r12
     574:	8c 2d       	mov	r24, r12
     576:	9c 2d       	mov	r25, r12
     578:	34 5f       	subi	r19, 0xF4	; 244
     57a:	41 40       	sbci	r20, 0x01	; 1
     57c:	51 09       	sbc	r21, r1
     57e:	61 09       	sbc	r22, r1
     580:	71 09       	sbc	r23, r1
     582:	81 09       	sbc	r24, r1
     584:	91 09       	sbc	r25, r1
     586:	29 83       	std	Y+1, r18	; 0x01
     588:	3a 83       	std	Y+2, r19	; 0x02
     58a:	44 2e       	mov	r4, r20
     58c:	55 2e       	mov	r5, r21
     58e:	66 2e       	mov	r6, r22
     590:	77 2e       	mov	r7, r23
     592:	28 2e       	mov	r2, r24
     594:	39 2e       	mov	r3, r25
	var2 = var1 * var1 * (int64_t)dig_P6;
     596:	a2 2e       	mov	r10, r18
     598:	b3 2e       	mov	r11, r19
     59a:	c4 2e       	mov	r12, r20
     59c:	d5 2e       	mov	r13, r21
     59e:	e6 2e       	mov	r14, r22
     5a0:	f7 2e       	mov	r15, r23
     5a2:	08 2f       	mov	r16, r24
     5a4:	19 2f       	mov	r17, r25
     5a6:	0e 94 7a 09 	call	0x12f4	; 0x12f4 <__muldi3>
     5aa:	2b 83       	std	Y+3, r18	; 0x03
     5ac:	3c 83       	std	Y+4, r19	; 0x04
     5ae:	4d 83       	std	Y+5, r20	; 0x05
     5b0:	5e 83       	std	Y+6, r21	; 0x06
     5b2:	6f 83       	std	Y+7, r22	; 0x07
     5b4:	78 87       	std	Y+8, r23	; 0x08
     5b6:	89 87       	std	Y+9, r24	; 0x09
     5b8:	9a 87       	std	Y+10, r25	; 0x0a
     5ba:	b0 90 77 01 	lds	r11, 0x0177	; 0x800177 <dig_P6+0x1>
     5be:	a0 90 76 01 	lds	r10, 0x0176	; 0x800176 <dig_P6>
     5c2:	1b 2d       	mov	r17, r11
     5c4:	11 0f       	add	r17, r17
     5c6:	11 0b       	sbc	r17, r17
     5c8:	c1 2e       	mov	r12, r17
     5ca:	d1 2e       	mov	r13, r17
     5cc:	e1 2e       	mov	r14, r17
     5ce:	f1 2e       	mov	r15, r17
     5d0:	01 2f       	mov	r16, r17
     5d2:	0e 94 7a 09 	call	0x12f4	; 0x12f4 <__muldi3>
     5d6:	2b 87       	std	Y+11, r18	; 0x0b
     5d8:	3c 87       	std	Y+12, r19	; 0x0c
     5da:	4d 87       	std	Y+13, r20	; 0x0d
     5dc:	5e 87       	std	Y+14, r21	; 0x0e
     5de:	86 2e       	mov	r8, r22
     5e0:	97 2e       	mov	r9, r23
     5e2:	8c 8b       	std	Y+20, r24	; 0x14
     5e4:	9b 8b       	std	Y+19, r25	; 0x13
	var2 = var2 + ((var1 * (int64_t)dig_P5) << 17);
     5e6:	b0 90 6b 01 	lds	r11, 0x016B	; 0x80016b <dig_P5+0x1>
     5ea:	a0 90 6a 01 	lds	r10, 0x016A	; 0x80016a <dig_P5>
     5ee:	1b 2d       	mov	r17, r11
     5f0:	11 0f       	add	r17, r17
     5f2:	11 0b       	sbc	r17, r17
     5f4:	c1 2e       	mov	r12, r17
     5f6:	d1 2e       	mov	r13, r17
     5f8:	e1 2e       	mov	r14, r17
     5fa:	f1 2e       	mov	r15, r17
     5fc:	01 2f       	mov	r16, r17
     5fe:	29 81       	ldd	r18, Y+1	; 0x01
     600:	3a 81       	ldd	r19, Y+2	; 0x02
     602:	44 2d       	mov	r20, r4
     604:	55 2d       	mov	r21, r5
     606:	66 2d       	mov	r22, r6
     608:	77 2d       	mov	r23, r7
     60a:	82 2d       	mov	r24, r2
     60c:	93 2d       	mov	r25, r3
     60e:	0e 94 7a 09 	call	0x12f4	; 0x12f4 <__muldi3>
     612:	01 e1       	ldi	r16, 0x11	; 17
     614:	0e 94 aa 0a 	call	0x1554	; 0x1554 <__ashldi3>
     618:	a2 2e       	mov	r10, r18
     61a:	b3 2e       	mov	r11, r19
     61c:	c4 2e       	mov	r12, r20
     61e:	d5 2e       	mov	r13, r21
     620:	e6 2e       	mov	r14, r22
     622:	f7 2e       	mov	r15, r23
     624:	08 2f       	mov	r16, r24
     626:	19 2f       	mov	r17, r25
     628:	2b 85       	ldd	r18, Y+11	; 0x0b
     62a:	3c 85       	ldd	r19, Y+12	; 0x0c
     62c:	4d 85       	ldd	r20, Y+13	; 0x0d
     62e:	5e 85       	ldd	r21, Y+14	; 0x0e
     630:	68 2d       	mov	r22, r8
     632:	79 2d       	mov	r23, r9
     634:	8c 89       	ldd	r24, Y+20	; 0x14
     636:	9b 89       	ldd	r25, Y+19	; 0x13
     638:	0e 94 e1 0a 	call	0x15c2	; 0x15c2 <__adddi3>
     63c:	82 2e       	mov	r8, r18
     63e:	93 2e       	mov	r9, r19
     640:	4c 87       	std	Y+12, r20	; 0x0c
     642:	5b 87       	std	Y+11, r21	; 0x0b
     644:	b6 2f       	mov	r27, r22
     646:	a7 2f       	mov	r26, r23
     648:	f8 2f       	mov	r31, r24
     64a:	e9 2f       	mov	r30, r25
	var2 = var2 + (((int64_t)dig_P4) << 35);
     64c:	30 91 69 01 	lds	r19, 0x0169	; 0x800169 <dig_P4+0x1>
     650:	20 91 68 01 	lds	r18, 0x0168	; 0x800168 <dig_P4>
     654:	93 2f       	mov	r25, r19
     656:	99 0f       	add	r25, r25
     658:	99 0b       	sbc	r25, r25
     65a:	49 2f       	mov	r20, r25
     65c:	59 2f       	mov	r21, r25
     65e:	69 2f       	mov	r22, r25
     660:	79 2f       	mov	r23, r25
     662:	89 2f       	mov	r24, r25
     664:	03 e2       	ldi	r16, 0x23	; 35
     666:	0e 94 aa 0a 	call	0x1554	; 0x1554 <__ashldi3>
     66a:	a2 2e       	mov	r10, r18
     66c:	b3 2e       	mov	r11, r19
     66e:	c4 2e       	mov	r12, r20
     670:	d5 2e       	mov	r13, r21
     672:	e6 2e       	mov	r14, r22
     674:	f7 2e       	mov	r15, r23
     676:	08 2f       	mov	r16, r24
     678:	19 2f       	mov	r17, r25
     67a:	28 2d       	mov	r18, r8
     67c:	39 2d       	mov	r19, r9
     67e:	4c 85       	ldd	r20, Y+12	; 0x0c
     680:	5b 85       	ldd	r21, Y+11	; 0x0b
     682:	6b 2f       	mov	r22, r27
     684:	7a 2f       	mov	r23, r26
     686:	8f 2f       	mov	r24, r31
     688:	9e 2f       	mov	r25, r30
     68a:	0e 94 e1 0a 	call	0x15c2	; 0x15c2 <__adddi3>
     68e:	2b 87       	std	Y+11, r18	; 0x0b
     690:	3c 87       	std	Y+12, r19	; 0x0c
     692:	4d 87       	std	Y+13, r20	; 0x0d
     694:	5e 87       	std	Y+14, r21	; 0x0e
     696:	6b 8b       	std	Y+19, r22	; 0x13
     698:	7c 8b       	std	Y+20, r23	; 0x14
     69a:	8d 8b       	std	Y+21, r24	; 0x15
     69c:	9e 8b       	std	Y+22, r25	; 0x16
	var1 = ((var1 * var1 * (int64_t)dig_P3) >> 8) +
     69e:	b0 90 6f 01 	lds	r11, 0x016F	; 0x80016f <dig_P3+0x1>
     6a2:	a0 90 6e 01 	lds	r10, 0x016E	; 0x80016e <dig_P3>
     6a6:	1b 2d       	mov	r17, r11
     6a8:	11 0f       	add	r17, r17
     6aa:	11 0b       	sbc	r17, r17
     6ac:	c1 2e       	mov	r12, r17
     6ae:	d1 2e       	mov	r13, r17
     6b0:	e1 2e       	mov	r14, r17
     6b2:	f1 2e       	mov	r15, r17
     6b4:	01 2f       	mov	r16, r17
     6b6:	2b 81       	ldd	r18, Y+3	; 0x03
     6b8:	3c 81       	ldd	r19, Y+4	; 0x04
     6ba:	4d 81       	ldd	r20, Y+5	; 0x05
     6bc:	5e 81       	ldd	r21, Y+6	; 0x06
     6be:	6f 81       	ldd	r22, Y+7	; 0x07
     6c0:	78 85       	ldd	r23, Y+8	; 0x08
     6c2:	89 85       	ldd	r24, Y+9	; 0x09
     6c4:	9a 85       	ldd	r25, Y+10	; 0x0a
     6c6:	0e 94 7a 09 	call	0x12f4	; 0x12f4 <__muldi3>
     6ca:	08 e0       	ldi	r16, 0x08	; 8
     6cc:	0e 94 c3 0a 	call	0x1586	; 0x1586 <__ashrdi3>
     6d0:	2b 83       	std	Y+3, r18	; 0x03
     6d2:	3c 83       	std	Y+4, r19	; 0x04
     6d4:	4d 83       	std	Y+5, r20	; 0x05
     6d6:	5e 83       	std	Y+6, r21	; 0x06
     6d8:	86 2e       	mov	r8, r22
     6da:	97 2e       	mov	r9, r23
     6dc:	88 87       	std	Y+8, r24	; 0x08
     6de:	9f 83       	std	Y+7, r25	; 0x07
	((var1 * (int64_t)dig_P2) << 12);
     6e0:	b0 90 67 01 	lds	r11, 0x0167	; 0x800167 <dig_P2+0x1>
     6e4:	a0 90 66 01 	lds	r10, 0x0166	; 0x800166 <dig_P2>
     6e8:	1b 2d       	mov	r17, r11
     6ea:	11 0f       	add	r17, r17
     6ec:	11 0b       	sbc	r17, r17
     6ee:	c1 2e       	mov	r12, r17
     6f0:	d1 2e       	mov	r13, r17
     6f2:	e1 2e       	mov	r14, r17
     6f4:	f1 2e       	mov	r15, r17
     6f6:	01 2f       	mov	r16, r17
     6f8:	29 81       	ldd	r18, Y+1	; 0x01
     6fa:	3a 81       	ldd	r19, Y+2	; 0x02
     6fc:	44 2d       	mov	r20, r4
     6fe:	55 2d       	mov	r21, r5
     700:	66 2d       	mov	r22, r6
     702:	77 2d       	mov	r23, r7
     704:	82 2d       	mov	r24, r2
     706:	93 2d       	mov	r25, r3
     708:	0e 94 7a 09 	call	0x12f4	; 0x12f4 <__muldi3>
     70c:	0c e0       	ldi	r16, 0x0C	; 12
     70e:	0e 94 aa 0a 	call	0x1554	; 0x1554 <__ashldi3>
     712:	a2 2e       	mov	r10, r18
     714:	b3 2e       	mov	r11, r19
     716:	c4 2e       	mov	r12, r20
     718:	d5 2e       	mov	r13, r21
     71a:	e6 2e       	mov	r14, r22
     71c:	f7 2e       	mov	r15, r23
     71e:	08 2f       	mov	r16, r24
     720:	19 2f       	mov	r17, r25
	adc_P >>= 4;
	var1 = ((int64_t)t_fine) - 128000;
	var2 = var1 * var1 * (int64_t)dig_P6;
	var2 = var2 + ((var1 * (int64_t)dig_P5) << 17);
	var2 = var2 + (((int64_t)dig_P4) << 35);
	var1 = ((var1 * var1 * (int64_t)dig_P3) >> 8) +
     722:	2b 81       	ldd	r18, Y+3	; 0x03
     724:	3c 81       	ldd	r19, Y+4	; 0x04
     726:	4d 81       	ldd	r20, Y+5	; 0x05
     728:	5e 81       	ldd	r21, Y+6	; 0x06
     72a:	68 2d       	mov	r22, r8
     72c:	79 2d       	mov	r23, r9
     72e:	88 85       	ldd	r24, Y+8	; 0x08
     730:	9f 81       	ldd	r25, Y+7	; 0x07
     732:	0e 94 e1 0a 	call	0x15c2	; 0x15c2 <__adddi3>
	((var1 * (int64_t)dig_P2) << 12);
	var1 = (((((int64_t)1) << 47) + var1)) *
     736:	70 58       	subi	r23, 0x80	; 128
     738:	8f 4f       	sbci	r24, 0xFF	; 255
     73a:	9f 4f       	sbci	r25, 0xFF	; 255
	((int64_t)dig_P1) >> 33;
     73c:	e0 91 6c 01 	lds	r30, 0x016C	; 0x80016c <dig_P1>
     740:	f0 91 6d 01 	lds	r31, 0x016D	; 0x80016d <dig_P1+0x1>
     744:	1f 01       	movw	r2, r30
	var2 = var1 * var1 * (int64_t)dig_P6;
	var2 = var2 + ((var1 * (int64_t)dig_P5) << 17);
	var2 = var2 + (((int64_t)dig_P4) << 35);
	var1 = ((var1 * var1 * (int64_t)dig_P3) >> 8) +
	((var1 * (int64_t)dig_P2) << 12);
	var1 = (((((int64_t)1) << 47) + var1)) *
     746:	ae 2e       	mov	r10, r30
     748:	b3 2c       	mov	r11, r3
     74a:	c1 2c       	mov	r12, r1
     74c:	d1 2c       	mov	r13, r1
     74e:	e1 2c       	mov	r14, r1
     750:	f1 2c       	mov	r15, r1
     752:	00 e0       	ldi	r16, 0x00	; 0
     754:	10 e0       	ldi	r17, 0x00	; 0
     756:	0e 94 7a 09 	call	0x12f4	; 0x12f4 <__muldi3>
     75a:	01 e2       	ldi	r16, 0x21	; 33
     75c:	0e 94 c3 0a 	call	0x1586	; 0x1586 <__ashrdi3>
     760:	42 2e       	mov	r4, r18
     762:	53 2e       	mov	r5, r19
     764:	64 2e       	mov	r6, r20
     766:	75 2e       	mov	r7, r21
     768:	86 2e       	mov	r8, r22
     76a:	97 2e       	mov	r9, r23
     76c:	8a 83       	std	Y+2, r24	; 0x02
     76e:	99 83       	std	Y+1, r25	; 0x01
	((int64_t)dig_P1) >> 33;

	if(var1 == 0)
     770:	a0 e0       	ldi	r26, 0x00	; 0
     772:	0e 94 f3 0a 	call	0x15e6	; 0x15e6 <__cmpdi2_s8>
     776:	09 f4       	brne	.+2      	; 0x77a <BMP280_ReadPressure+0x284>
     778:	04 c1       	rjmp	.+520    	; 0x982 <__stack+0x83>
	return 0;

	p = 1048576 - adc_P;
     77a:	80 e0       	ldi	r24, 0x00	; 0
     77c:	90 e0       	ldi	r25, 0x00	; 0
     77e:	a0 e1       	ldi	r26, 0x10	; 16
     780:	b0 e0       	ldi	r27, 0x00	; 0
     782:	2f 85       	ldd	r18, Y+15	; 0x0f
     784:	38 89       	ldd	r19, Y+16	; 0x10
     786:	49 89       	ldd	r20, Y+17	; 0x11
     788:	5a 89       	ldd	r21, Y+18	; 0x12
     78a:	82 1b       	sub	r24, r18
     78c:	93 0b       	sbc	r25, r19
     78e:	a4 0b       	sbc	r26, r20
     790:	b5 0b       	sbc	r27, r21
     792:	6c 01       	movw	r12, r24
     794:	7d 01       	movw	r14, r26
     796:	ff 0c       	add	r15, r15
     798:	cc 08       	sbc	r12, r12
     79a:	dc 2c       	mov	r13, r12
     79c:	76 01       	movw	r14, r12
	p = (((p << 31) - var2) * 3125) / var1;
     79e:	28 2f       	mov	r18, r24
     7a0:	39 2f       	mov	r19, r25
     7a2:	4a 2f       	mov	r20, r26
     7a4:	5b 2f       	mov	r21, r27
     7a6:	6c 2d       	mov	r22, r12
     7a8:	7c 2d       	mov	r23, r12
     7aa:	8c 2d       	mov	r24, r12
     7ac:	9c 2d       	mov	r25, r12
     7ae:	0f e1       	ldi	r16, 0x1F	; 31
     7b0:	0e 94 aa 0a 	call	0x1554	; 0x1554 <__ashldi3>
     7b4:	ab 84       	ldd	r10, Y+11	; 0x0b
     7b6:	bc 84       	ldd	r11, Y+12	; 0x0c
     7b8:	cd 84       	ldd	r12, Y+13	; 0x0d
     7ba:	de 84       	ldd	r13, Y+14	; 0x0e
     7bc:	eb 88       	ldd	r14, Y+19	; 0x13
     7be:	fc 88       	ldd	r15, Y+20	; 0x14
     7c0:	0d 89       	ldd	r16, Y+21	; 0x15
     7c2:	1e 89       	ldd	r17, Y+22	; 0x16
     7c4:	0e 94 ea 0a 	call	0x15d4	; 0x15d4 <__subdi3>
     7c8:	0f 2e       	mov	r0, r31
     7ca:	f5 e3       	ldi	r31, 0x35	; 53
     7cc:	af 2e       	mov	r10, r31
     7ce:	f0 2d       	mov	r31, r0
     7d0:	0f 2e       	mov	r0, r31
     7d2:	fc e0       	ldi	r31, 0x0C	; 12
     7d4:	bf 2e       	mov	r11, r31
     7d6:	f0 2d       	mov	r31, r0
     7d8:	c1 2c       	mov	r12, r1
     7da:	d1 2c       	mov	r13, r1
     7dc:	e1 2c       	mov	r14, r1
     7de:	f1 2c       	mov	r15, r1
     7e0:	00 e0       	ldi	r16, 0x00	; 0
     7e2:	10 e0       	ldi	r17, 0x00	; 0
     7e4:	0e 94 7a 09 	call	0x12f4	; 0x12f4 <__muldi3>
     7e8:	a4 2c       	mov	r10, r4
     7ea:	b5 2c       	mov	r11, r5
     7ec:	c6 2c       	mov	r12, r6
     7ee:	d7 2c       	mov	r13, r7
     7f0:	e8 2c       	mov	r14, r8
     7f2:	f9 2c       	mov	r15, r9
     7f4:	0a 81       	ldd	r16, Y+2	; 0x02
     7f6:	19 81       	ldd	r17, Y+1	; 0x01
     7f8:	0e 94 d5 09 	call	0x13aa	; 0x13aa <__divdi3>
     7fc:	2c 87       	std	Y+12, r18	; 0x0c
     7fe:	3b 87       	std	Y+11, r19	; 0x0b
     800:	49 83       	std	Y+1, r20	; 0x01
     802:	5a 83       	std	Y+2, r21	; 0x02
     804:	6b 83       	std	Y+3, r22	; 0x03
     806:	7c 83       	std	Y+4, r23	; 0x04
     808:	8d 83       	std	Y+5, r24	; 0x05
     80a:	9e 83       	std	Y+6, r25	; 0x06
	var1 = (((int64_t)dig_P9) * (p >> 13) * (p >> 13)) >> 25;
     80c:	f0 91 73 01 	lds	r31, 0x0173	; 0x800173 <dig_P9+0x1>
     810:	a0 91 72 01 	lds	r26, 0x0172	; 0x800172 <dig_P9>
     814:	ef 2f       	mov	r30, r31
     816:	ee 0f       	add	r30, r30
     818:	ee 0b       	sbc	r30, r30
     81a:	0d e0       	ldi	r16, 0x0D	; 13
     81c:	0e 94 c3 0a 	call	0x1586	; 0x1586 <__ashrdi3>
     820:	22 2e       	mov	r2, r18
     822:	33 2e       	mov	r3, r19
     824:	44 2e       	mov	r4, r20
     826:	55 2e       	mov	r5, r21
     828:	66 2e       	mov	r6, r22
     82a:	77 2e       	mov	r7, r23
     82c:	88 2e       	mov	r8, r24
     82e:	99 2e       	mov	r9, r25
     830:	a2 2e       	mov	r10, r18
     832:	b3 2e       	mov	r11, r19
     834:	c4 2e       	mov	r12, r20
     836:	d5 2e       	mov	r13, r21
     838:	e6 2e       	mov	r14, r22
     83a:	f7 2e       	mov	r15, r23
     83c:	08 2f       	mov	r16, r24
     83e:	19 2f       	mov	r17, r25
     840:	2a 2f       	mov	r18, r26
     842:	3f 2f       	mov	r19, r31
     844:	4e 2f       	mov	r20, r30
     846:	5e 2f       	mov	r21, r30
     848:	6e 2f       	mov	r22, r30
     84a:	7e 2f       	mov	r23, r30
     84c:	8e 2f       	mov	r24, r30
     84e:	9e 2f       	mov	r25, r30
     850:	0e 94 7a 09 	call	0x12f4	; 0x12f4 <__muldi3>
     854:	a2 2e       	mov	r10, r18
     856:	b3 2e       	mov	r11, r19
     858:	c4 2e       	mov	r12, r20
     85a:	d5 2e       	mov	r13, r21
     85c:	e6 2e       	mov	r14, r22
     85e:	f7 2e       	mov	r15, r23
     860:	08 2f       	mov	r16, r24
     862:	19 2f       	mov	r17, r25
     864:	22 2d       	mov	r18, r2
     866:	33 2d       	mov	r19, r3
     868:	44 2d       	mov	r20, r4
     86a:	55 2d       	mov	r21, r5
     86c:	66 2d       	mov	r22, r6
     86e:	77 2d       	mov	r23, r7
     870:	88 2d       	mov	r24, r8
     872:	99 2d       	mov	r25, r9
     874:	0e 94 7a 09 	call	0x12f4	; 0x12f4 <__muldi3>
     878:	09 e1       	ldi	r16, 0x19	; 25
     87a:	0e 94 c3 0a 	call	0x1586	; 0x1586 <__ashrdi3>
     87e:	52 2e       	mov	r5, r18
     880:	43 2e       	mov	r4, r19
     882:	34 2e       	mov	r3, r20
     884:	25 2e       	mov	r2, r21
     886:	6f 83       	std	Y+7, r22	; 0x07
     888:	78 87       	std	Y+8, r23	; 0x08
     88a:	89 87       	std	Y+9, r24	; 0x09
     88c:	9a 87       	std	Y+10, r25	; 0x0a
	var2 = (((int64_t)dig_P8) * p) >> 19;
     88e:	b0 90 71 01 	lds	r11, 0x0171	; 0x800171 <dig_P8+0x1>
     892:	a0 90 70 01 	lds	r10, 0x0170	; 0x800170 <dig_P8>
     896:	1b 2d       	mov	r17, r11
     898:	11 0f       	add	r17, r17
     89a:	11 0b       	sbc	r17, r17
     89c:	c1 2e       	mov	r12, r17
     89e:	d1 2e       	mov	r13, r17
     8a0:	e1 2e       	mov	r14, r17
     8a2:	f1 2e       	mov	r15, r17
     8a4:	01 2f       	mov	r16, r17
     8a6:	2c 85       	ldd	r18, Y+12	; 0x0c
     8a8:	3b 85       	ldd	r19, Y+11	; 0x0b
     8aa:	49 81       	ldd	r20, Y+1	; 0x01
     8ac:	5a 81       	ldd	r21, Y+2	; 0x02
     8ae:	6b 81       	ldd	r22, Y+3	; 0x03
     8b0:	7c 81       	ldd	r23, Y+4	; 0x04
     8b2:	8d 81       	ldd	r24, Y+5	; 0x05
     8b4:	9e 81       	ldd	r25, Y+6	; 0x06
     8b6:	0e 94 7a 09 	call	0x12f4	; 0x12f4 <__muldi3>
     8ba:	03 e1       	ldi	r16, 0x13	; 19
     8bc:	0e 94 c3 0a 	call	0x1586	; 0x1586 <__ashrdi3>
     8c0:	62 2e       	mov	r6, r18
     8c2:	73 2e       	mov	r7, r19
     8c4:	84 2e       	mov	r8, r20
     8c6:	95 2e       	mov	r9, r21
     8c8:	b6 2f       	mov	r27, r22
     8ca:	a7 2f       	mov	r26, r23
     8cc:	f8 2f       	mov	r31, r24
     8ce:	e9 2f       	mov	r30, r25
	p = ((p + var1 + var2) >> 8) +
     8d0:	2c 85       	ldd	r18, Y+12	; 0x0c
     8d2:	3b 85       	ldd	r19, Y+11	; 0x0b
     8d4:	49 81       	ldd	r20, Y+1	; 0x01
     8d6:	5a 81       	ldd	r21, Y+2	; 0x02
     8d8:	6b 81       	ldd	r22, Y+3	; 0x03
     8da:	7c 81       	ldd	r23, Y+4	; 0x04
     8dc:	8d 81       	ldd	r24, Y+5	; 0x05
     8de:	9e 81       	ldd	r25, Y+6	; 0x06
     8e0:	a5 2c       	mov	r10, r5
     8e2:	b4 2c       	mov	r11, r4
     8e4:	c3 2c       	mov	r12, r3
     8e6:	d2 2c       	mov	r13, r2
     8e8:	ef 80       	ldd	r14, Y+7	; 0x07
     8ea:	f8 84       	ldd	r15, Y+8	; 0x08
     8ec:	09 85       	ldd	r16, Y+9	; 0x09
     8ee:	1a 85       	ldd	r17, Y+10	; 0x0a
     8f0:	0e 94 e1 0a 	call	0x15c2	; 0x15c2 <__adddi3>
     8f4:	a2 2e       	mov	r10, r18
     8f6:	b3 2e       	mov	r11, r19
     8f8:	c4 2e       	mov	r12, r20
     8fa:	d5 2e       	mov	r13, r21
     8fc:	e6 2e       	mov	r14, r22
     8fe:	f7 2e       	mov	r15, r23
     900:	08 2f       	mov	r16, r24
     902:	19 2f       	mov	r17, r25
     904:	26 2d       	mov	r18, r6
     906:	37 2d       	mov	r19, r7
     908:	48 2d       	mov	r20, r8
     90a:	59 2d       	mov	r21, r9
     90c:	6b 2f       	mov	r22, r27
     90e:	7a 2f       	mov	r23, r26
     910:	8f 2f       	mov	r24, r31
     912:	9e 2f       	mov	r25, r30
     914:	0e 94 e1 0a 	call	0x15c2	; 0x15c2 <__adddi3>
     918:	08 e0       	ldi	r16, 0x08	; 8
     91a:	0e 94 c3 0a 	call	0x1586	; 0x1586 <__ashrdi3>
     91e:	82 2e       	mov	r8, r18
     920:	93 2e       	mov	r9, r19
     922:	4a 83       	std	Y+2, r20	; 0x02
     924:	59 83       	std	Y+1, r21	; 0x01
     926:	b6 2f       	mov	r27, r22
     928:	a7 2f       	mov	r26, r23
     92a:	f8 2f       	mov	r31, r24
     92c:	e9 2f       	mov	r30, r25
	(((int64_t)dig_P7) << 4);
     92e:	30 91 61 01 	lds	r19, 0x0161	; 0x800161 <__data_end+0x1>
     932:	20 91 60 01 	lds	r18, 0x0160	; 0x800160 <__data_end>
     936:	93 2f       	mov	r25, r19
     938:	99 0f       	add	r25, r25
     93a:	99 0b       	sbc	r25, r25
     93c:	49 2f       	mov	r20, r25
     93e:	59 2f       	mov	r21, r25
     940:	69 2f       	mov	r22, r25
     942:	79 2f       	mov	r23, r25
     944:	89 2f       	mov	r24, r25
     946:	04 e0       	ldi	r16, 0x04	; 4
     948:	0e 94 aa 0a 	call	0x1554	; 0x1554 <__ashldi3>
     94c:	a2 2e       	mov	r10, r18
     94e:	b3 2e       	mov	r11, r19
     950:	c4 2e       	mov	r12, r20
     952:	d5 2e       	mov	r13, r21
     954:	e6 2e       	mov	r14, r22
     956:	f7 2e       	mov	r15, r23
     958:	08 2f       	mov	r16, r24
     95a:	19 2f       	mov	r17, r25

	p = 1048576 - adc_P;
	p = (((p << 31) - var2) * 3125) / var1;
	var1 = (((int64_t)dig_P9) * (p >> 13) * (p >> 13)) >> 25;
	var2 = (((int64_t)dig_P8) * p) >> 19;
	p = ((p + var1 + var2) >> 8) +
     95c:	28 2d       	mov	r18, r8
     95e:	39 2d       	mov	r19, r9
     960:	4a 81       	ldd	r20, Y+2	; 0x02
     962:	59 81       	ldd	r21, Y+1	; 0x01
     964:	6b 2f       	mov	r22, r27
     966:	7a 2f       	mov	r23, r26
     968:	8f 2f       	mov	r24, r31
     96a:	9e 2f       	mov	r25, r30
     96c:	0e 94 e1 0a 	call	0x15c2	; 0x15c2 <__adddi3>
	(((int64_t)dig_P7) << 4);

	return (float)p / 25600.0;
     970:	0e 94 6f 08 	call	0x10de	; 0x10de <__floatdisf>
     974:	20 e0       	ldi	r18, 0x00	; 0
     976:	30 e0       	ldi	r19, 0x00	; 0
     978:	48 ec       	ldi	r20, 0xC8	; 200
     97a:	56 e4       	ldi	r21, 0x46	; 70
     97c:	0e 94 fd 07 	call	0xffa	; 0xffa <__divsf3>
     980:	03 c0       	rjmp	.+6      	; 0x988 <__stack+0x89>
	((var1 * (int64_t)dig_P2) << 12);
	var1 = (((((int64_t)1) << 47) + var1)) *
	((int64_t)dig_P1) >> 33;

	if(var1 == 0)
	return 0;
     982:	60 e0       	ldi	r22, 0x00	; 0
     984:	70 e0       	ldi	r23, 0x00	; 0
     986:	cb 01       	movw	r24, r22
	var2 = (((int64_t)dig_P8) * p) >> 19;
	p = ((p + var1 + var2) >> 8) +
	(((int64_t)dig_P7) << 4);

	return (float)p / 25600.0;
     988:	66 96       	adiw	r28, 0x16	; 22
     98a:	0f b6       	in	r0, 0x3f	; 63
     98c:	f8 94       	cli
     98e:	de bf       	out	0x3e, r29	; 62
     990:	0f be       	out	0x3f, r0	; 63
     992:	cd bf       	out	0x3d, r28	; 61
     994:	df 91       	pop	r29
     996:	cf 91       	pop	r28
     998:	1f 91       	pop	r17
     99a:	0f 91       	pop	r16
     99c:	ff 90       	pop	r15
     99e:	ef 90       	pop	r14
     9a0:	df 90       	pop	r13
     9a2:	cf 90       	pop	r12
     9a4:	bf 90       	pop	r11
     9a6:	af 90       	pop	r10
     9a8:	9f 90       	pop	r9
     9aa:	8f 90       	pop	r8
     9ac:	7f 90       	pop	r7
     9ae:	6f 90       	pop	r6
     9b0:	5f 90       	pop	r5
     9b2:	4f 90       	pop	r4
     9b4:	3f 90       	pop	r3
     9b6:	2f 90       	pop	r2
     9b8:	08 95       	ret

000009ba <I2C_Init>:
#include "i2c.h"
#include "config.h"

void I2C_Init(void)
{
	TWSR=0x00;
     9ba:	10 92 b9 00 	sts	0x00B9, r1	; 0x8000b9 <__TEXT_REGION_LENGTH__+0x7f80b9>
	TWBR=72;
     9be:	88 e4       	ldi	r24, 0x48	; 72
     9c0:	80 93 b8 00 	sts	0x00B8, r24	; 0x8000b8 <__TEXT_REGION_LENGTH__+0x7f80b8>
     9c4:	08 95       	ret

000009c6 <I2C_Start>:
}

void I2C_Start(void)
{
	TWCR=(1<<TWINT)|(1<<TWSTA)|(1<<TWEN);
     9c6:	84 ea       	ldi	r24, 0xA4	; 164
     9c8:	80 93 bc 00 	sts	0x00BC, r24	; 0x8000bc <__TEXT_REGION_LENGTH__+0x7f80bc>
	while(!(TWCR&(1<<TWINT)));
     9cc:	80 91 bc 00 	lds	r24, 0x00BC	; 0x8000bc <__TEXT_REGION_LENGTH__+0x7f80bc>
     9d0:	88 23       	and	r24, r24
     9d2:	e4 f7       	brge	.-8      	; 0x9cc <I2C_Start+0x6>
}
     9d4:	08 95       	ret

000009d6 <I2C_Stop>:

void I2C_Stop(void)
{
	TWCR=(1<<TWINT)|(1<<TWSTO)|(1<<TWEN);
     9d6:	84 e9       	ldi	r24, 0x94	; 148
     9d8:	80 93 bc 00 	sts	0x00BC, r24	; 0x8000bc <__TEXT_REGION_LENGTH__+0x7f80bc>
	#else
		//round up by default
		__ticks_dc = (uint32_t)(ceil(fabs(__tmp)));
	#endif

	__builtin_avr_delay_cycles(__ticks_dc);
     9dc:	85 e3       	ldi	r24, 0x35	; 53
     9de:	8a 95       	dec	r24
     9e0:	f1 f7       	brne	.-4      	; 0x9de <I2C_Stop+0x8>
     9e2:	00 00       	nop
     9e4:	08 95       	ret

000009e6 <I2C_Write>:
	_delay_us(10);
}

void I2C_Write(uint8_t data)
{
	TWDR = data;
     9e6:	80 93 bb 00 	sts	0x00BB, r24	; 0x8000bb <__TEXT_REGION_LENGTH__+0x7f80bb>
	TWCR = (1<<TWINT) | (1<<TWEN);
     9ea:	84 e8       	ldi	r24, 0x84	; 132
     9ec:	80 93 bc 00 	sts	0x00BC, r24	; 0x8000bc <__TEXT_REGION_LENGTH__+0x7f80bc>
	while(!(TWCR & (1<<TWINT)));
     9f0:	80 91 bc 00 	lds	r24, 0x00BC	; 0x8000bc <__TEXT_REGION_LENGTH__+0x7f80bc>
     9f4:	88 23       	and	r24, r24
     9f6:	e4 f7       	brge	.-8      	; 0x9f0 <I2C_Write+0xa>
}
     9f8:	08 95       	ret

000009fa <I2C_Read_ACK>:
uint8_t I2C_Read_ACK(void)
{
	TWCR=(1<<TWINT)|(1<<TWEN)|(1<<TWEA);
     9fa:	84 ec       	ldi	r24, 0xC4	; 196
     9fc:	80 93 bc 00 	sts	0x00BC, r24	; 0x8000bc <__TEXT_REGION_LENGTH__+0x7f80bc>
	while(!(TWCR&(1<<TWINT)));
     a00:	80 91 bc 00 	lds	r24, 0x00BC	; 0x8000bc <__TEXT_REGION_LENGTH__+0x7f80bc>
     a04:	88 23       	and	r24, r24
     a06:	e4 f7       	brge	.-8      	; 0xa00 <I2C_Read_ACK+0x6>
	return TWDR;
     a08:	80 91 bb 00 	lds	r24, 0x00BB	; 0x8000bb <__TEXT_REGION_LENGTH__+0x7f80bb>
}
     a0c:	08 95       	ret

00000a0e <I2C_Read_NACK>:

uint8_t I2C_Read_NACK(void)
{
	TWCR=(1<<TWINT)|(1<<TWEN);
     a0e:	84 e8       	ldi	r24, 0x84	; 132
     a10:	80 93 bc 00 	sts	0x00BC, r24	; 0x8000bc <__TEXT_REGION_LENGTH__+0x7f80bc>
	while(!(TWCR&(1<<TWINT)));
     a14:	80 91 bc 00 	lds	r24, 0x00BC	; 0x8000bc <__TEXT_REGION_LENGTH__+0x7f80bc>
     a18:	88 23       	and	r24, r24
     a1a:	e4 f7       	brge	.-8      	; 0xa14 <I2C_Read_NACK+0x6>
	return TWDR;
     a1c:	80 91 bb 00 	lds	r24, 0x00BB	; 0x8000bb <__TEXT_REGION_LENGTH__+0x7f80bb>
     a20:	08 95       	ret

00000a22 <main>:
int main(void)
{
	float temperature;
	float pressure;

	I2C_Init();
     a22:	0e 94 dd 04 	call	0x9ba	; 0x9ba <I2C_Init>
	OLED_Init();
     a26:	0e 94 84 05 	call	0xb08	; 0xb08 <OLED_Init>
	OLED_Clear();
     a2a:	0e 94 d9 05 	call	0xbb2	; 0xbb2 <OLED_Clear>
	BMP280_Init();
     a2e:	0e 94 72 01 	call	0x2e4	; 0x2e4 <BMP280_Init>

	while(1)
	{
		temperature = BMP280_ReadTemperature();
     a32:	0e 94 d8 01 	call	0x3b0	; 0x3b0 <BMP280_ReadTemperature>
     a36:	4b 01       	movw	r8, r22
     a38:	5c 01       	movw	r10, r24
		pressure = BMP280_ReadPressure();
     a3a:	0e 94 7b 02 	call	0x4f6	; 0x4f6 <BMP280_ReadPressure>
     a3e:	6b 01       	movw	r12, r22
     a40:	7c 01       	movw	r14, r24
		dtostrf(temperature,5,2,tempBuffer); 
     a42:	0c e7       	ldi	r16, 0x7C	; 124
     a44:	11 e0       	ldi	r17, 0x01	; 1
     a46:	22 e0       	ldi	r18, 0x02	; 2
     a48:	45 e0       	ldi	r20, 0x05	; 5
     a4a:	c5 01       	movw	r24, r10
     a4c:	b4 01       	movw	r22, r8
     a4e:	0e 94 0e 0b 	call	0x161c	; 0x161c <dtostrf>
		dtostrf(pressure,6,2,pressBuffer);  
     a52:	00 e9       	ldi	r16, 0x90	; 144
     a54:	11 e0       	ldi	r17, 0x01	; 1
     a56:	22 e0       	ldi	r18, 0x02	; 2
     a58:	46 e0       	ldi	r20, 0x06	; 6
     a5a:	c7 01       	movw	r24, r14
     a5c:	b6 01       	movw	r22, r12
     a5e:	0e 94 0e 0b 	call	0x161c	; 0x161c <dtostrf>
		
		// Temperature 
		OLED_SetCursor(2,4);
     a62:	64 e0       	ldi	r22, 0x04	; 4
     a64:	82 e0       	ldi	r24, 0x02	; 2
     a66:	0e 94 f5 05 	call	0xbea	; 0xbea <OLED_SetCursor>
		OLED_String("Temperature:");
     a6a:	81 e4       	ldi	r24, 0x41	; 65
     a6c:	91 e0       	ldi	r25, 0x01	; 1
     a6e:	0e 94 f0 07 	call	0xfe0	; 0xfe0 <OLED_String>
		OLED_SetCursor(3,4);
     a72:	64 e0       	ldi	r22, 0x04	; 4
     a74:	83 e0       	ldi	r24, 0x03	; 3
     a76:	0e 94 f5 05 	call	0xbea	; 0xbea <OLED_SetCursor>
		OLED_String(tempBuffer);
     a7a:	8c e7       	ldi	r24, 0x7C	; 124
     a7c:	91 e0       	ldi	r25, 0x01	; 1
     a7e:	0e 94 f0 07 	call	0xfe0	; 0xfe0 <OLED_String>
		OLED_String(" C");
     a82:	8e e4       	ldi	r24, 0x4E	; 78
     a84:	91 e0       	ldi	r25, 0x01	; 1
     a86:	0e 94 f0 07 	call	0xfe0	; 0xfe0 <OLED_String>
		
		// Pressure 
		OLED_SetCursor(6,4);
     a8a:	64 e0       	ldi	r22, 0x04	; 4
     a8c:	86 e0       	ldi	r24, 0x06	; 6
     a8e:	0e 94 f5 05 	call	0xbea	; 0xbea <OLED_SetCursor>
		OLED_String("Pressure:");
     a92:	81 e5       	ldi	r24, 0x51	; 81
     a94:	91 e0       	ldi	r25, 0x01	; 1
     a96:	0e 94 f0 07 	call	0xfe0	; 0xfe0 <OLED_String>
		OLED_SetCursor(7,4);
     a9a:	64 e0       	ldi	r22, 0x04	; 4
     a9c:	87 e0       	ldi	r24, 0x07	; 7
     a9e:	0e 94 f5 05 	call	0xbea	; 0xbea <OLED_SetCursor>
		OLED_String(pressBuffer);
     aa2:	c8 01       	movw	r24, r16
     aa4:	0e 94 f0 07 	call	0xfe0	; 0xfe0 <OLED_String>
		OLED_String(" hPa");
     aa8:	8b e5       	ldi	r24, 0x5B	; 91
     aaa:	91 e0       	ldi	r25, 0x01	; 1
     aac:	0e 94 f0 07 	call	0xfe0	; 0xfe0 <OLED_String>
	#else
		//round up by default
		__ticks_dc = (uint32_t)(ceil(fabs(__tmp)));
	#endif

	__builtin_avr_delay_cycles(__ticks_dc);
     ab0:	2f ef       	ldi	r18, 0xFF	; 255
     ab2:	87 ea       	ldi	r24, 0xA7	; 167
     ab4:	91 e6       	ldi	r25, 0x61	; 97
     ab6:	21 50       	subi	r18, 0x01	; 1
     ab8:	80 40       	sbci	r24, 0x00	; 0
     aba:	90 40       	sbci	r25, 0x00	; 0
     abc:	e1 f7       	brne	.-8      	; 0xab6 <main+0x94>
     abe:	00 c0       	rjmp	.+0      	; 0xac0 <main+0x9e>
     ac0:	00 00       	nop
     ac2:	b7 cf       	rjmp	.-146    	; 0xa32 <main+0x10>

00000ac4 <OLED_Command>:
#include "oled.h"
#include "i2c.h"
#include "config.h"

void OLED_Command(uint8_t cmd)
{
     ac4:	cf 93       	push	r28
     ac6:	c8 2f       	mov	r28, r24
	I2C_Start();
     ac8:	0e 94 e3 04 	call	0x9c6	; 0x9c6 <I2C_Start>
	I2C_Write(OLED_ADDR << 1);   // FIXED
     acc:	88 e7       	ldi	r24, 0x78	; 120
     ace:	0e 94 f3 04 	call	0x9e6	; 0x9e6 <I2C_Write>
	I2C_Write(0x00);
     ad2:	80 e0       	ldi	r24, 0x00	; 0
     ad4:	0e 94 f3 04 	call	0x9e6	; 0x9e6 <I2C_Write>
	I2C_Write(cmd);
     ad8:	8c 2f       	mov	r24, r28
     ada:	0e 94 f3 04 	call	0x9e6	; 0x9e6 <I2C_Write>
	I2C_Stop();
     ade:	0e 94 eb 04 	call	0x9d6	; 0x9d6 <I2C_Stop>
}
     ae2:	cf 91       	pop	r28
     ae4:	08 95       	ret

00000ae6 <OLED_Data>:
void OLED_Data(uint8_t data)
{
     ae6:	cf 93       	push	r28
     ae8:	c8 2f       	mov	r28, r24
	I2C_Start();
     aea:	0e 94 e3 04 	call	0x9c6	; 0x9c6 <I2C_Start>
	I2C_Write(OLED_ADDR << 1);   // FIXED
     aee:	88 e7       	ldi	r24, 0x78	; 120
     af0:	0e 94 f3 04 	call	0x9e6	; 0x9e6 <I2C_Write>
	I2C_Write(0x40);
     af4:	80 e4       	ldi	r24, 0x40	; 64
     af6:	0e 94 f3 04 	call	0x9e6	; 0x9e6 <I2C_Write>
	I2C_Write(data);
     afa:	8c 2f       	mov	r24, r28
     afc:	0e 94 f3 04 	call	0x9e6	; 0x9e6 <I2C_Write>
	I2C_Stop();
     b00:	0e 94 eb 04 	call	0x9d6	; 0x9d6 <I2C_Stop>
}
     b04:	cf 91       	pop	r28
     b06:	08 95       	ret

00000b08 <OLED_Init>:
     b08:	2f ef       	ldi	r18, 0xFF	; 255
     b0a:	81 ee       	ldi	r24, 0xE1	; 225
     b0c:	94 e0       	ldi	r25, 0x04	; 4
     b0e:	21 50       	subi	r18, 0x01	; 1
     b10:	80 40       	sbci	r24, 0x00	; 0
     b12:	90 40       	sbci	r25, 0x00	; 0
     b14:	e1 f7       	brne	.-8      	; 0xb0e <OLED_Init+0x6>
     b16:	00 c0       	rjmp	.+0      	; 0xb18 <OLED_Init+0x10>
     b18:	00 00       	nop
void OLED_Init(void)
{
	_delay_ms(100);

	OLED_Command(0xAE); // display OFF
     b1a:	8e ea       	ldi	r24, 0xAE	; 174
     b1c:	0e 94 62 05 	call	0xac4	; 0xac4 <OLED_Command>
	OLED_Command(0xD5);
     b20:	85 ed       	ldi	r24, 0xD5	; 213
     b22:	0e 94 62 05 	call	0xac4	; 0xac4 <OLED_Command>
	OLED_Command(0x80);
     b26:	80 e8       	ldi	r24, 0x80	; 128
     b28:	0e 94 62 05 	call	0xac4	; 0xac4 <OLED_Command>
	OLED_Command(0xA8); OLED_Command(0x3F);
     b2c:	88 ea       	ldi	r24, 0xA8	; 168
     b2e:	0e 94 62 05 	call	0xac4	; 0xac4 <OLED_Command>
     b32:	8f e3       	ldi	r24, 0x3F	; 63
     b34:	0e 94 62 05 	call	0xac4	; 0xac4 <OLED_Command>
	OLED_Command(0xD3); OLED_Command(0x00);
     b38:	83 ed       	ldi	r24, 0xD3	; 211
     b3a:	0e 94 62 05 	call	0xac4	; 0xac4 <OLED_Command>
     b3e:	80 e0       	ldi	r24, 0x00	; 0
     b40:	0e 94 62 05 	call	0xac4	; 0xac4 <OLED_Command>
	OLED_Command(0x40);
     b44:	80 e4       	ldi	r24, 0x40	; 64
     b46:	0e 94 62 05 	call	0xac4	; 0xac4 <OLED_Command>
	OLED_Command(0x8D); OLED_Command(0x14);
     b4a:	8d e8       	ldi	r24, 0x8D	; 141
     b4c:	0e 94 62 05 	call	0xac4	; 0xac4 <OLED_Command>
     b50:	84 e1       	ldi	r24, 0x14	; 20
     b52:	0e 94 62 05 	call	0xac4	; 0xac4 <OLED_Command>
	OLED_Command(0x20); OLED_Command(0x00);
     b56:	80 e2       	ldi	r24, 0x20	; 32
     b58:	0e 94 62 05 	call	0xac4	; 0xac4 <OLED_Command>
     b5c:	80 e0       	ldi	r24, 0x00	; 0
     b5e:	0e 94 62 05 	call	0xac4	; 0xac4 <OLED_Command>
	OLED_Command(0xA1);
     b62:	81 ea       	ldi	r24, 0xA1	; 161
     b64:	0e 94 62 05 	call	0xac4	; 0xac4 <OLED_Command>
	OLED_Command(0xC8);
     b68:	88 ec       	ldi	r24, 0xC8	; 200
     b6a:	0e 94 62 05 	call	0xac4	; 0xac4 <OLED_Command>
	OLED_Command(0xDA); OLED_Command(0x12);
     b6e:	8a ed       	ldi	r24, 0xDA	; 218
     b70:	0e 94 62 05 	call	0xac4	; 0xac4 <OLED_Command>
     b74:	82 e1       	ldi	r24, 0x12	; 18
     b76:	0e 94 62 05 	call	0xac4	; 0xac4 <OLED_Command>
	OLED_Command(0x81); OLED_Command(0x7F);
     b7a:	81 e8       	ldi	r24, 0x81	; 129
     b7c:	0e 94 62 05 	call	0xac4	; 0xac4 <OLED_Command>
     b80:	8f e7       	ldi	r24, 0x7F	; 127
     b82:	0e 94 62 05 	call	0xac4	; 0xac4 <OLED_Command>
	OLED_Command(0xD9); OLED_Command(0xF1);
     b86:	89 ed       	ldi	r24, 0xD9	; 217
     b88:	0e 94 62 05 	call	0xac4	; 0xac4 <OLED_Command>
     b8c:	81 ef       	ldi	r24, 0xF1	; 241
     b8e:	0e 94 62 05 	call	0xac4	; 0xac4 <OLED_Command>
	OLED_Command(0xDB); OLED_Command(0x40);
     b92:	8b ed       	ldi	r24, 0xDB	; 219
     b94:	0e 94 62 05 	call	0xac4	; 0xac4 <OLED_Command>
     b98:	80 e4       	ldi	r24, 0x40	; 64
     b9a:	0e 94 62 05 	call	0xac4	; 0xac4 <OLED_Command>
	OLED_Command(0xA4);
     b9e:	84 ea       	ldi	r24, 0xA4	; 164
     ba0:	0e 94 62 05 	call	0xac4	; 0xac4 <OLED_Command>
	OLED_Command(0xA6);
     ba4:	86 ea       	ldi	r24, 0xA6	; 166
     ba6:	0e 94 62 05 	call	0xac4	; 0xac4 <OLED_Command>
	OLED_Command(0xAF); // display ON
     baa:	8f ea       	ldi	r24, 0xAF	; 175
     bac:	0e 94 62 05 	call	0xac4	; 0xac4 <OLED_Command>
     bb0:	08 95       	ret

00000bb2 <OLED_Clear>:
}
void OLED_Clear(void)
{
     bb2:	cf 93       	push	r28
     bb4:	df 93       	push	r29
	uint8_t page, col;

	for(page=0; page<8; page++)
     bb6:	d0 e0       	ldi	r29, 0x00	; 0
     bb8:	13 c0       	rjmp	.+38     	; 0xbe0 <OLED_Clear+0x2e>
	{
		OLED_Command(0xB0 + page);
     bba:	80 eb       	ldi	r24, 0xB0	; 176
     bbc:	8d 0f       	add	r24, r29
     bbe:	0e 94 62 05 	call	0xac4	; 0xac4 <OLED_Command>
		OLED_Command(0x00);
     bc2:	80 e0       	ldi	r24, 0x00	; 0
     bc4:	0e 94 62 05 	call	0xac4	; 0xac4 <OLED_Command>
		OLED_Command(0x10);
     bc8:	80 e1       	ldi	r24, 0x10	; 16
     bca:	0e 94 62 05 	call	0xac4	; 0xac4 <OLED_Command>

		for(col=0; col<128; col++)
     bce:	c0 e0       	ldi	r28, 0x00	; 0
     bd0:	04 c0       	rjmp	.+8      	; 0xbda <OLED_Clear+0x28>
		{
			OLED_Data(0x00);
     bd2:	80 e0       	ldi	r24, 0x00	; 0
     bd4:	0e 94 73 05 	call	0xae6	; 0xae6 <OLED_Data>
	{
		OLED_Command(0xB0 + page);
		OLED_Command(0x00);
		OLED_Command(0x10);

		for(col=0; col<128; col++)
     bd8:	cf 5f       	subi	r28, 0xFF	; 255
     bda:	cc 23       	and	r28, r28
     bdc:	d4 f7       	brge	.-12     	; 0xbd2 <OLED_Clear+0x20>
}
void OLED_Clear(void)
{
	uint8_t page, col;

	for(page=0; page<8; page++)
     bde:	df 5f       	subi	r29, 0xFF	; 255
     be0:	d8 30       	cpi	r29, 0x08	; 8
     be2:	58 f3       	brcs	.-42     	; 0xbba <OLED_Clear+0x8>
		for(col=0; col<128; col++)
		{
			OLED_Data(0x00);
		}
	}
}
     be4:	df 91       	pop	r29
     be6:	cf 91       	pop	r28
     be8:	08 95       	ret

00000bea <OLED_SetCursor>:

void OLED_SetCursor(uint8_t row, uint8_t col)
{
     bea:	cf 93       	push	r28
     bec:	c6 2f       	mov	r28, r22
	OLED_Command(0xB0 + row);
     bee:	80 55       	subi	r24, 0x50	; 80
     bf0:	0e 94 62 05 	call	0xac4	; 0xac4 <OLED_Command>
	OLED_Command(0x02 + (col & 0x0F));   // IMPORTANT SH1106 OFFSET FIX
     bf4:	8c 2f       	mov	r24, r28
     bf6:	8f 70       	andi	r24, 0x0F	; 15
     bf8:	8e 5f       	subi	r24, 0xFE	; 254
     bfa:	0e 94 62 05 	call	0xac4	; 0xac4 <OLED_Command>
	OLED_Command(0x10 + ((col >> 4) & 0x0F));
     bfe:	8c 2f       	mov	r24, r28
     c00:	82 95       	swap	r24
     c02:	8f 70       	andi	r24, 0x0F	; 15
     c04:	80 5f       	subi	r24, 0xF0	; 240
     c06:	0e 94 62 05 	call	0xac4	; 0xac4 <OLED_Command>
}
     c0a:	cf 91       	pop	r28
     c0c:	08 95       	ret

00000c0e <OLED_Char>:

void OLED_Char(char ch)
{
     c0e:	0f 93       	push	r16
     c10:	1f 93       	push	r17
     c12:	cf 93       	push	r28
     c14:	df 93       	push	r29
     c16:	cd b7       	in	r28, 0x3d	; 61
     c18:	de b7       	in	r29, 0x3e	; 62
     c1a:	e7 97       	sbiw	r28, 0x37	; 55
     c1c:	0f b6       	in	r0, 0x3f	; 63
     c1e:	f8 94       	cli
     c20:	de bf       	out	0x3e, r29	; 62
     c22:	0f be       	out	0x3f, r0	; 63
     c24:	cd bf       	out	0x3d, r28	; 61
	uint8_t i;
	uint8_t font[5];

	/* SPACE */
	if(ch == ' ')
     c26:	80 32       	cpi	r24, 0x20	; 32
     c28:	51 f4       	brne	.+20     	; 0xc3e <OLED_Char+0x30>
     c2a:	05 c0       	rjmp	.+10     	; 0xc36 <OLED_Char+0x28>
	{
		for(i=0;i<6;i++)
		{
			OLED_Data(0x00);
     c2c:	80 e0       	ldi	r24, 0x00	; 0
     c2e:	0e 94 73 05 	call	0xae6	; 0xae6 <OLED_Data>
	uint8_t font[5];

	/* SPACE */
	if(ch == ' ')
	{
		for(i=0;i<6;i++)
     c32:	1f 5f       	subi	r17, 0xFF	; 255
     c34:	01 c0       	rjmp	.+2      	; 0xc38 <OLED_Char+0x2a>
     c36:	10 e0       	ldi	r17, 0x00	; 0
     c38:	16 30       	cpi	r17, 0x06	; 6
     c3a:	c0 f3       	brcs	.-16     	; 0xc2c <OLED_Char+0x1e>
     c3c:	c6 c1       	rjmp	.+908    	; 0xfca <OLED_Char+0x3bc>
		}
		return;
	}

	/* DOT */
	if(ch == '.')
     c3e:	8e 32       	cpi	r24, 0x2E	; 46
     c40:	d9 f4       	brne	.+54     	; 0xc78 <OLED_Char+0x6a>
	{
		uint8_t dot[5]={0x00,0x60,0x60,0x00,0x00};
     c42:	85 e0       	ldi	r24, 0x05	; 5
     c44:	e0 e0       	ldi	r30, 0x00	; 0
     c46:	f1 e0       	ldi	r31, 0x01	; 1
     c48:	de 01       	movw	r26, r28
     c4a:	16 96       	adiw	r26, 0x06	; 6
     c4c:	01 90       	ld	r0, Z+
     c4e:	0d 92       	st	X+, r0
     c50:	8a 95       	dec	r24
     c52:	e1 f7       	brne	.-8      	; 0xc4c <OLED_Char+0x3e>

		for(i=0;i<5;i++)
     c54:	10 e0       	ldi	r17, 0x00	; 0
     c56:	0a c0       	rjmp	.+20     	; 0xc6c <OLED_Char+0x5e>
		OLED_Data(dot[i]);
     c58:	e6 e0       	ldi	r30, 0x06	; 6
     c5a:	f0 e0       	ldi	r31, 0x00	; 0
     c5c:	ec 0f       	add	r30, r28
     c5e:	fd 1f       	adc	r31, r29
     c60:	e1 0f       	add	r30, r17
     c62:	f1 1d       	adc	r31, r1
     c64:	80 81       	ld	r24, Z
     c66:	0e 94 73 05 	call	0xae6	; 0xae6 <OLED_Data>
	/* DOT */
	if(ch == '.')
	{
		uint8_t dot[5]={0x00,0x60,0x60,0x00,0x00};

		for(i=0;i<5;i++)
     c6a:	1f 5f       	subi	r17, 0xFF	; 255
     c6c:	15 30       	cpi	r17, 0x05	; 5
     c6e:	a0 f3       	brcs	.-24     	; 0xc58 <OLED_Char+0x4a>
		OLED_Data(dot[i]);

		OLED_Data(0x00);
     c70:	80 e0       	ldi	r24, 0x00	; 0
     c72:	0e 94 73 05 	call	0xae6	; 0xae6 <OLED_Data>
     c76:	a9 c1       	rjmp	.+850    	; 0xfca <OLED_Char+0x3bc>

		return;
	}

	/* COLON */
	if(ch == ':')
     c78:	8a 33       	cpi	r24, 0x3A	; 58
     c7a:	d9 f4       	brne	.+54     	; 0xcb2 <OLED_Char+0xa4>
	{
		uint8_t colon[5]={0x00,0x36,0x36,0x00,0x00};
     c7c:	85 e0       	ldi	r24, 0x05	; 5
     c7e:	e5 e0       	ldi	r30, 0x05	; 5
     c80:	f1 e0       	ldi	r31, 0x01	; 1
     c82:	de 01       	movw	r26, r28
     c84:	16 96       	adiw	r26, 0x06	; 6
     c86:	01 90       	ld	r0, Z+
     c88:	0d 92       	st	X+, r0
     c8a:	8a 95       	dec	r24
     c8c:	e1 f7       	brne	.-8      	; 0xc86 <OLED_Char+0x78>

		for(i=0;i<5;i++)
     c8e:	10 e0       	ldi	r17, 0x00	; 0
     c90:	0a c0       	rjmp	.+20     	; 0xca6 <OLED_Char+0x98>
		OLED_Data(colon[i]);
     c92:	e6 e0       	ldi	r30, 0x06	; 6
     c94:	f0 e0       	ldi	r31, 0x00	; 0
     c96:	ec 0f       	add	r30, r28
     c98:	fd 1f       	adc	r31, r29
     c9a:	e1 0f       	add	r30, r17
     c9c:	f1 1d       	adc	r31, r1
     c9e:	80 81       	ld	r24, Z
     ca0:	0e 94 73 05 	call	0xae6	; 0xae6 <OLED_Data>
	/* COLON */
	if(ch == ':')
	{
		uint8_t colon[5]={0x00,0x36,0x36,0x00,0x00};

		for(i=0;i<5;i++)
     ca4:	1f 5f       	subi	r17, 0xFF	; 255
     ca6:	15 30       	cpi	r17, 0x05	; 5
     ca8:	a0 f3       	brcs	.-24     	; 0xc92 <OLED_Char+0x84>
		OLED_Data(colon[i]);

		OLED_Data(0x00);
     caa:	80 e0       	ldi	r24, 0x00	; 0
     cac:	0e 94 73 05 	call	0xae6	; 0xae6 <OLED_Data>
     cb0:	8c c1       	rjmp	.+792    	; 0xfca <OLED_Char+0x3bc>

		return;
	}

	/* MINUS */
	if(ch == '-')
     cb2:	8d 32       	cpi	r24, 0x2D	; 45
     cb4:	d9 f4       	brne	.+54     	; 0xcec <OLED_Char+0xde>
	{
		uint8_t minus[5]={0x08,0x08,0x08,0x08,0x08};
     cb6:	85 e0       	ldi	r24, 0x05	; 5
     cb8:	ea e0       	ldi	r30, 0x0A	; 10
     cba:	f1 e0       	ldi	r31, 0x01	; 1
     cbc:	de 01       	movw	r26, r28
     cbe:	16 96       	adiw	r26, 0x06	; 6
     cc0:	01 90       	ld	r0, Z+
     cc2:	0d 92       	st	X+, r0
     cc4:	8a 95       	dec	r24
     cc6:	e1 f7       	brne	.-8      	; 0xcc0 <OLED_Char+0xb2>

		for(i=0;i<5;i++)
     cc8:	10 e0       	ldi	r17, 0x00	; 0
     cca:	0a c0       	rjmp	.+20     	; 0xce0 <OLED_Char+0xd2>
		OLED_Data(minus[i]);
     ccc:	e6 e0       	ldi	r30, 0x06	; 6
     cce:	f0 e0       	ldi	r31, 0x00	; 0
     cd0:	ec 0f       	add	r30, r28
     cd2:	fd 1f       	adc	r31, r29
     cd4:	e1 0f       	add	r30, r17
     cd6:	f1 1d       	adc	r31, r1
     cd8:	80 81       	ld	r24, Z
     cda:	0e 94 73 05 	call	0xae6	; 0xae6 <OLED_Data>
	/* MINUS */
	if(ch == '-')
	{
		uint8_t minus[5]={0x08,0x08,0x08,0x08,0x08};

		for(i=0;i<5;i++)
     cde:	1f 5f       	subi	r17, 0xFF	; 255
     ce0:	15 30       	cpi	r17, 0x05	; 5
     ce2:	a0 f3       	brcs	.-24     	; 0xccc <OLED_Char+0xbe>
		OLED_Data(minus[i]);

		OLED_Data(0x00);
     ce4:	80 e0       	ldi	r24, 0x00	; 0
     ce6:	0e 94 73 05 	call	0xae6	; 0xae6 <OLED_Data>
     cea:	6f c1       	rjmp	.+734    	; 0xfca <OLED_Char+0x3bc>

		return;
	}

	/* NUMBERS */
	if(ch >= '0' && ch <= '9')
     cec:	00 ed       	ldi	r16, 0xD0	; 208
     cee:	08 0f       	add	r16, r24
     cf0:	0a 30       	cpi	r16, 0x0A	; 10
     cf2:	30 f5       	brcc	.+76     	; 0xd40 <OLED_Char+0x132>
	{
		const uint8_t numbers[10][5] =
     cf4:	82 e3       	ldi	r24, 0x32	; 50
     cf6:	ef e0       	ldi	r30, 0x0F	; 15
     cf8:	f1 e0       	ldi	r31, 0x01	; 1
     cfa:	de 01       	movw	r26, r28
     cfc:	16 96       	adiw	r26, 0x06	; 6
     cfe:	01 90       	ld	r0, Z+
     d00:	0d 92       	st	X+, r0
     d02:	8a 95       	dec	r24
     d04:	e1 f7       	brne	.-8      	; 0xcfe <OLED_Char+0xf0>
			{0x06,0x49,0x49,0x29,0x1E}
		};

		ch = ch - '0';

		for(i=0;i<5;i++)
     d06:	10 e0       	ldi	r17, 0x00	; 0
     d08:	15 c0       	rjmp	.+42     	; 0xd34 <OLED_Char+0x126>
		{
			OLED_Data(numbers[(uint8_t)ch][i]);
     d0a:	80 2f       	mov	r24, r16
     d0c:	90 e0       	ldi	r25, 0x00	; 0
     d0e:	fc 01       	movw	r30, r24
     d10:	ee 0f       	add	r30, r30
     d12:	ff 1f       	adc	r31, r31
     d14:	ee 0f       	add	r30, r30
     d16:	ff 1f       	adc	r31, r31
     d18:	e8 0f       	add	r30, r24
     d1a:	f9 1f       	adc	r31, r25
     d1c:	81 e0       	ldi	r24, 0x01	; 1
     d1e:	90 e0       	ldi	r25, 0x00	; 0
     d20:	8c 0f       	add	r24, r28
     d22:	9d 1f       	adc	r25, r29
     d24:	e8 0f       	add	r30, r24
     d26:	f9 1f       	adc	r31, r25
     d28:	e1 0f       	add	r30, r17
     d2a:	f1 1d       	adc	r31, r1
     d2c:	85 81       	ldd	r24, Z+5	; 0x05
     d2e:	0e 94 73 05 	call	0xae6	; 0xae6 <OLED_Data>
			{0x06,0x49,0x49,0x29,0x1E}
		};

		ch = ch - '0';

		for(i=0;i<5;i++)
     d32:	1f 5f       	subi	r17, 0xFF	; 255
     d34:	15 30       	cpi	r17, 0x05	; 5
     d36:	48 f3       	brcs	.-46     	; 0xd0a <OLED_Char+0xfc>
		{
			OLED_Data(numbers[(uint8_t)ch][i]);
		}

		OLED_Data(0x00);
     d38:	80 e0       	ldi	r24, 0x00	; 0
     d3a:	0e 94 73 05 	call	0xae6	; 0xae6 <OLED_Data>
     d3e:	45 c1       	rjmp	.+650    	; 0xfca <OLED_Char+0x3bc>
		return;
	}

	/* LETTERS */

	switch(ch)
     d40:	90 e0       	ldi	r25, 0x00	; 0
     d42:	fc 01       	movw	r30, r24
     d44:	e1 54       	subi	r30, 0x41	; 65
     d46:	f1 09       	sbc	r31, r1
     d48:	ea 33       	cpi	r30, 0x3A	; 58
     d4a:	f1 05       	cpc	r31, r1
     d4c:	08 f0       	brcs	.+2      	; 0xd50 <OLED_Char+0x142>
     d4e:	28 c1       	rjmp	.+592    	; 0xfa0 <OLED_Char+0x392>
     d50:	ec 5c       	subi	r30, 0xCC	; 204
     d52:	ff 4f       	sbci	r31, 0xFF	; 255
     d54:	0c 94 61 09 	jmp	0x12c2	; 0x12c2 <__tablejump2__>
	{
		/* LOWERCASE LETTERS */

		case 'a':
		font[0]=0x20; font[1]=0x54; font[2]=0x54; font[3]=0x54; font[4]=0x78;
     d58:	80 e2       	ldi	r24, 0x20	; 32
     d5a:	89 83       	std	Y+1, r24	; 0x01
     d5c:	84 e5       	ldi	r24, 0x54	; 84
     d5e:	8a 83       	std	Y+2, r24	; 0x02
     d60:	8b 83       	std	Y+3, r24	; 0x03
     d62:	8c 83       	std	Y+4, r24	; 0x04
     d64:	88 e7       	ldi	r24, 0x78	; 120
     d66:	8d 83       	std	Y+5, r24	; 0x05
		break;
     d68:	12 c0       	rjmp	.+36     	; 0xd8e <OLED_Char+0x180>

		case 'b':
		font[0]=0x7F; font[1]=0x48; font[2]=0x44; font[3]=0x44; font[4]=0x38;
     d6a:	8f e7       	ldi	r24, 0x7F	; 127
     d6c:	89 83       	std	Y+1, r24	; 0x01
     d6e:	88 e4       	ldi	r24, 0x48	; 72
     d70:	8a 83       	std	Y+2, r24	; 0x02
     d72:	84 e4       	ldi	r24, 0x44	; 68
     d74:	8b 83       	std	Y+3, r24	; 0x03
     d76:	8c 83       	std	Y+4, r24	; 0x04
     d78:	88 e3       	ldi	r24, 0x38	; 56
     d7a:	8d 83       	std	Y+5, r24	; 0x05
		break;
     d7c:	08 c0       	rjmp	.+16     	; 0xd8e <OLED_Char+0x180>

		case 'c':
		font[0]=0x38; font[1]=0x44; font[2]=0x44; font[3]=0x44; font[4]=0x20;
     d7e:	88 e3       	ldi	r24, 0x38	; 56
     d80:	89 83       	std	Y+1, r24	; 0x01
     d82:	84 e4       	ldi	r24, 0x44	; 68
     d84:	8a 83       	std	Y+2, r24	; 0x02
     d86:	8b 83       	std	Y+3, r24	; 0x03
     d88:	8c 83       	std	Y+4, r24	; 0x04
     d8a:	80 e2       	ldi	r24, 0x20	; 32
     d8c:	8d 83       	std	Y+5, r24	; 0x05
			{0x06,0x49,0x49,0x29,0x1E}
		};

		ch = ch - '0';

		for(i=0;i<5;i++)
     d8e:	10 e0       	ldi	r17, 0x00	; 0
     d90:	17 c1       	rjmp	.+558    	; 0xfc0 <OLED_Char+0x3b2>
		case 'c':
		font[0]=0x38; font[1]=0x44; font[2]=0x44; font[3]=0x44; font[4]=0x20;
		break;

		case 'd':
		font[0]=0x38; font[1]=0x44; font[2]=0x44; font[3]=0x48; font[4]=0x7F;
     d92:	88 e3       	ldi	r24, 0x38	; 56
     d94:	89 83       	std	Y+1, r24	; 0x01
     d96:	84 e4       	ldi	r24, 0x44	; 68
     d98:	8a 83       	std	Y+2, r24	; 0x02
     d9a:	8b 83       	std	Y+3, r24	; 0x03
     d9c:	88 e4       	ldi	r24, 0x48	; 72
     d9e:	8c 83       	std	Y+4, r24	; 0x04
     da0:	8f e7       	ldi	r24, 0x7F	; 127
     da2:	8d 83       	std	Y+5, r24	; 0x05
		break;
     da4:	f4 cf       	rjmp	.-24     	; 0xd8e <OLED_Char+0x180>

		case 'e':
		font[0]=0x38; font[1]=0x54; font[2]=0x54; font[3]=0x54; font[4]=0x18;
     da6:	88 e3       	ldi	r24, 0x38	; 56
     da8:	89 83       	std	Y+1, r24	; 0x01
     daa:	84 e5       	ldi	r24, 0x54	; 84
     dac:	8a 83       	std	Y+2, r24	; 0x02
     dae:	8b 83       	std	Y+3, r24	; 0x03
     db0:	8c 83       	std	Y+4, r24	; 0x04
     db2:	88 e1       	ldi	r24, 0x18	; 24
     db4:	8d 83       	std	Y+5, r24	; 0x05
		break;
     db6:	eb cf       	rjmp	.-42     	; 0xd8e <OLED_Char+0x180>

		case 'f':
		font[0]=0x08; font[1]=0x7E; font[2]=0x09; font[3]=0x01; font[4]=0x02;
     db8:	88 e0       	ldi	r24, 0x08	; 8
     dba:	89 83       	std	Y+1, r24	; 0x01
     dbc:	8e e7       	ldi	r24, 0x7E	; 126
     dbe:	8a 83       	std	Y+2, r24	; 0x02
     dc0:	89 e0       	ldi	r24, 0x09	; 9
     dc2:	8b 83       	std	Y+3, r24	; 0x03
     dc4:	81 e0       	ldi	r24, 0x01	; 1
     dc6:	8c 83       	std	Y+4, r24	; 0x04
     dc8:	82 e0       	ldi	r24, 0x02	; 2
     dca:	8d 83       	std	Y+5, r24	; 0x05
		break;
     dcc:	e0 cf       	rjmp	.-64     	; 0xd8e <OLED_Char+0x180>

		case 'g':
		font[0]=0x08; font[1]=0x14; font[2]=0x54; font[3]=0x54; font[4]=0x3C;
     dce:	88 e0       	ldi	r24, 0x08	; 8
     dd0:	89 83       	std	Y+1, r24	; 0x01
     dd2:	84 e1       	ldi	r24, 0x14	; 20
     dd4:	8a 83       	std	Y+2, r24	; 0x02
     dd6:	84 e5       	ldi	r24, 0x54	; 84
     dd8:	8b 83       	std	Y+3, r24	; 0x03
     dda:	8c 83       	std	Y+4, r24	; 0x04
     ddc:	8c e3       	ldi	r24, 0x3C	; 60
     dde:	8d 83       	std	Y+5, r24	; 0x05
		break;
     de0:	d6 cf       	rjmp	.-84     	; 0xd8e <OLED_Char+0x180>

		case 'h':
		font[0]=0x7F; font[1]=0x08; font[2]=0x04; font[3]=0x04; font[4]=0x78;
     de2:	8f e7       	ldi	r24, 0x7F	; 127
     de4:	89 83       	std	Y+1, r24	; 0x01
     de6:	88 e0       	ldi	r24, 0x08	; 8
     de8:	8a 83       	std	Y+2, r24	; 0x02
     dea:	84 e0       	ldi	r24, 0x04	; 4
     dec:	8b 83       	std	Y+3, r24	; 0x03
     dee:	8c 83       	std	Y+4, r24	; 0x04
     df0:	88 e7       	ldi	r24, 0x78	; 120
     df2:	8d 83       	std	Y+5, r24	; 0x05
		break;
     df4:	cc cf       	rjmp	.-104    	; 0xd8e <OLED_Char+0x180>

		case 'i':
		font[0]=0x00; font[1]=0x44; font[2]=0x7D; font[3]=0x40; font[4]=0x00;
     df6:	19 82       	std	Y+1, r1	; 0x01
     df8:	84 e4       	ldi	r24, 0x44	; 68
     dfa:	8a 83       	std	Y+2, r24	; 0x02
     dfc:	8d e7       	ldi	r24, 0x7D	; 125
     dfe:	8b 83       	std	Y+3, r24	; 0x03
     e00:	80 e4       	ldi	r24, 0x40	; 64
     e02:	8c 83       	std	Y+4, r24	; 0x04
     e04:	1d 82       	std	Y+5, r1	; 0x05
		break;
     e06:	c3 cf       	rjmp	.-122    	; 0xd8e <OLED_Char+0x180>

		case 'j':
		font[0]=0x20; font[1]=0x40; font[2]=0x44; font[3]=0x3D; font[4]=0x00;
     e08:	80 e2       	ldi	r24, 0x20	; 32
     e0a:	89 83       	std	Y+1, r24	; 0x01
     e0c:	80 e4       	ldi	r24, 0x40	; 64
     e0e:	8a 83       	std	Y+2, r24	; 0x02
     e10:	84 e4       	ldi	r24, 0x44	; 68
     e12:	8b 83       	std	Y+3, r24	; 0x03
     e14:	8d e3       	ldi	r24, 0x3D	; 61
     e16:	8c 83       	std	Y+4, r24	; 0x04
     e18:	1d 82       	std	Y+5, r1	; 0x05
		break;
     e1a:	b9 cf       	rjmp	.-142    	; 0xd8e <OLED_Char+0x180>

		case 'k':
		font[0]=0x7F; font[1]=0x10; font[2]=0x28; font[3]=0x44; font[4]=0x00;
     e1c:	8f e7       	ldi	r24, 0x7F	; 127
     e1e:	89 83       	std	Y+1, r24	; 0x01
     e20:	80 e1       	ldi	r24, 0x10	; 16
     e22:	8a 83       	std	Y+2, r24	; 0x02
     e24:	88 e2       	ldi	r24, 0x28	; 40
     e26:	8b 83       	std	Y+3, r24	; 0x03
     e28:	84 e4       	ldi	r24, 0x44	; 68
     e2a:	8c 83       	std	Y+4, r24	; 0x04
     e2c:	1d 82       	std	Y+5, r1	; 0x05
		break;
     e2e:	af cf       	rjmp	.-162    	; 0xd8e <OLED_Char+0x180>

		case 'l':
		font[0]=0x00; font[1]=0x41; font[2]=0x7F; font[3]=0x40; font[4]=0x00;
     e30:	19 82       	std	Y+1, r1	; 0x01
     e32:	81 e4       	ldi	r24, 0x41	; 65
     e34:	8a 83       	std	Y+2, r24	; 0x02
     e36:	8f e7       	ldi	r24, 0x7F	; 127
     e38:	8b 83       	std	Y+3, r24	; 0x03
     e3a:	80 e4       	ldi	r24, 0x40	; 64
     e3c:	8c 83       	std	Y+4, r24	; 0x04
     e3e:	1d 82       	std	Y+5, r1	; 0x05
		break;
     e40:	a6 cf       	rjmp	.-180    	; 0xd8e <OLED_Char+0x180>

		case 'm':
		font[0]=0x7C; font[1]=0x04; font[2]=0x18; font[3]=0x04; font[4]=0x78;
     e42:	8c e7       	ldi	r24, 0x7C	; 124
     e44:	89 83       	std	Y+1, r24	; 0x01
     e46:	84 e0       	ldi	r24, 0x04	; 4
     e48:	8a 83       	std	Y+2, r24	; 0x02
     e4a:	98 e1       	ldi	r25, 0x18	; 24
     e4c:	9b 83       	std	Y+3, r25	; 0x03
     e4e:	8c 83       	std	Y+4, r24	; 0x04
     e50:	88 e7       	ldi	r24, 0x78	; 120
     e52:	8d 83       	std	Y+5, r24	; 0x05
		break;
     e54:	9c cf       	rjmp	.-200    	; 0xd8e <OLED_Char+0x180>

		case 'n':
		font[0]=0x7C; font[1]=0x08; font[2]=0x04; font[3]=0x04; font[4]=0x78;
     e56:	8c e7       	ldi	r24, 0x7C	; 124
     e58:	89 83       	std	Y+1, r24	; 0x01
     e5a:	88 e0       	ldi	r24, 0x08	; 8
     e5c:	8a 83       	std	Y+2, r24	; 0x02
     e5e:	84 e0       	ldi	r24, 0x04	; 4
     e60:	8b 83       	std	Y+3, r24	; 0x03
     e62:	8c 83       	std	Y+4, r24	; 0x04
     e64:	88 e7       	ldi	r24, 0x78	; 120
     e66:	8d 83       	std	Y+5, r24	; 0x05
		break;
     e68:	92 cf       	rjmp	.-220    	; 0xd8e <OLED_Char+0x180>

		case 'o':
		font[0]=0x38; font[1]=0x44; font[2]=0x44; font[3]=0x44; font[4]=0x38;
     e6a:	98 e3       	ldi	r25, 0x38	; 56
     e6c:	99 83       	std	Y+1, r25	; 0x01
     e6e:	84 e4       	ldi	r24, 0x44	; 68
     e70:	8a 83       	std	Y+2, r24	; 0x02
     e72:	8b 83       	std	Y+3, r24	; 0x03
     e74:	8c 83       	std	Y+4, r24	; 0x04
     e76:	9d 83       	std	Y+5, r25	; 0x05
		break;
     e78:	8a cf       	rjmp	.-236    	; 0xd8e <OLED_Char+0x180>

		case 'p':
		font[0]=0x7C; font[1]=0x14; font[2]=0x14; font[3]=0x14; font[4]=0x08;
     e7a:	8c e7       	ldi	r24, 0x7C	; 124
     e7c:	89 83       	std	Y+1, r24	; 0x01
     e7e:	84 e1       	ldi	r24, 0x14	; 20
     e80:	8a 83       	std	Y+2, r24	; 0x02
     e82:	8b 83       	std	Y+3, r24	; 0x03
     e84:	8c 83       	std	Y+4, r24	; 0x04
     e86:	88 e0       	ldi	r24, 0x08	; 8
     e88:	8d 83       	std	Y+5, r24	; 0x05
		break;
     e8a:	81 cf       	rjmp	.-254    	; 0xd8e <OLED_Char+0x180>

		case 'q':
		font[0]=0x08; font[1]=0x14; font[2]=0x14; font[3]=0x18; font[4]=0x7C;
     e8c:	88 e0       	ldi	r24, 0x08	; 8
     e8e:	89 83       	std	Y+1, r24	; 0x01
     e90:	84 e1       	ldi	r24, 0x14	; 20
     e92:	8a 83       	std	Y+2, r24	; 0x02
     e94:	8b 83       	std	Y+3, r24	; 0x03
     e96:	88 e1       	ldi	r24, 0x18	; 24
     e98:	8c 83       	std	Y+4, r24	; 0x04
     e9a:	8c e7       	ldi	r24, 0x7C	; 124
     e9c:	8d 83       	std	Y+5, r24	; 0x05
		break;
     e9e:	77 cf       	rjmp	.-274    	; 0xd8e <OLED_Char+0x180>

		case 'r':
		font[0]=0x7C; font[1]=0x08; font[2]=0x04; font[3]=0x04; font[4]=0x08;
     ea0:	8c e7       	ldi	r24, 0x7C	; 124
     ea2:	89 83       	std	Y+1, r24	; 0x01
     ea4:	88 e0       	ldi	r24, 0x08	; 8
     ea6:	8a 83       	std	Y+2, r24	; 0x02
     ea8:	94 e0       	ldi	r25, 0x04	; 4
     eaa:	9b 83       	std	Y+3, r25	; 0x03
     eac:	9c 83       	std	Y+4, r25	; 0x04
     eae:	8d 83       	std	Y+5, r24	; 0x05
		break;
     eb0:	6e cf       	rjmp	.-292    	; 0xd8e <OLED_Char+0x180>

		case 's':
		font[0]=0x48; font[1]=0x54; font[2]=0x54; font[3]=0x54; font[4]=0x20;
     eb2:	88 e4       	ldi	r24, 0x48	; 72
     eb4:	89 83       	std	Y+1, r24	; 0x01
     eb6:	84 e5       	ldi	r24, 0x54	; 84
     eb8:	8a 83       	std	Y+2, r24	; 0x02
     eba:	8b 83       	std	Y+3, r24	; 0x03
     ebc:	8c 83       	std	Y+4, r24	; 0x04
     ebe:	80 e2       	ldi	r24, 0x20	; 32
     ec0:	8d 83       	std	Y+5, r24	; 0x05
		break;
     ec2:	65 cf       	rjmp	.-310    	; 0xd8e <OLED_Char+0x180>

		case 't':
		font[0]=0x04; font[1]=0x3F; font[2]=0x44; font[3]=0x40; font[4]=0x20;
     ec4:	84 e0       	ldi	r24, 0x04	; 4
     ec6:	89 83       	std	Y+1, r24	; 0x01
     ec8:	8f e3       	ldi	r24, 0x3F	; 63
     eca:	8a 83       	std	Y+2, r24	; 0x02
     ecc:	84 e4       	ldi	r24, 0x44	; 68
     ece:	8b 83       	std	Y+3, r24	; 0x03
     ed0:	80 e4       	ldi	r24, 0x40	; 64
     ed2:	8c 83       	std	Y+4, r24	; 0x04
     ed4:	80 e2       	ldi	r24, 0x20	; 32
     ed6:	8d 83       	std	Y+5, r24	; 0x05
		break;
     ed8:	5a cf       	rjmp	.-332    	; 0xd8e <OLED_Char+0x180>

		case 'u':
		font[0]=0x3C; font[1]=0x40; font[2]=0x40; font[3]=0x20; font[4]=0x7C;
     eda:	8c e3       	ldi	r24, 0x3C	; 60
     edc:	89 83       	std	Y+1, r24	; 0x01
     ede:	80 e4       	ldi	r24, 0x40	; 64
     ee0:	8a 83       	std	Y+2, r24	; 0x02
     ee2:	8b 83       	std	Y+3, r24	; 0x03
     ee4:	80 e2       	ldi	r24, 0x20	; 32
     ee6:	8c 83       	std	Y+4, r24	; 0x04
     ee8:	8c e7       	ldi	r24, 0x7C	; 124
     eea:	8d 83       	std	Y+5, r24	; 0x05
		break;
     eec:	50 cf       	rjmp	.-352    	; 0xd8e <OLED_Char+0x180>

		case 'v':
		font[0]=0x1C; font[1]=0x20; font[2]=0x40; font[3]=0x20; font[4]=0x1C;
     eee:	8c e1       	ldi	r24, 0x1C	; 28
     ef0:	89 83       	std	Y+1, r24	; 0x01
     ef2:	90 e2       	ldi	r25, 0x20	; 32
     ef4:	9a 83       	std	Y+2, r25	; 0x02
     ef6:	20 e4       	ldi	r18, 0x40	; 64
     ef8:	2b 83       	std	Y+3, r18	; 0x03
     efa:	9c 83       	std	Y+4, r25	; 0x04
     efc:	8d 83       	std	Y+5, r24	; 0x05
		break;
     efe:	47 cf       	rjmp	.-370    	; 0xd8e <OLED_Char+0x180>

		case 'w':
		font[0]=0x3C; font[1]=0x40; font[2]=0x30; font[3]=0x40; font[4]=0x3C;
     f00:	8c e3       	ldi	r24, 0x3C	; 60
     f02:	89 83       	std	Y+1, r24	; 0x01
     f04:	90 e4       	ldi	r25, 0x40	; 64
     f06:	9a 83       	std	Y+2, r25	; 0x02
     f08:	20 e3       	ldi	r18, 0x30	; 48
     f0a:	2b 83       	std	Y+3, r18	; 0x03
     f0c:	9c 83       	std	Y+4, r25	; 0x04
     f0e:	8d 83       	std	Y+5, r24	; 0x05
		break;
     f10:	3e cf       	rjmp	.-388    	; 0xd8e <OLED_Char+0x180>

		case 'x':
		font[0]=0x44; font[1]=0x28; font[2]=0x10; font[3]=0x28; font[4]=0x44;
     f12:	84 e4       	ldi	r24, 0x44	; 68
     f14:	89 83       	std	Y+1, r24	; 0x01
     f16:	98 e2       	ldi	r25, 0x28	; 40
     f18:	9a 83       	std	Y+2, r25	; 0x02
     f1a:	20 e1       	ldi	r18, 0x10	; 16
     f1c:	2b 83       	std	Y+3, r18	; 0x03
     f1e:	9c 83       	std	Y+4, r25	; 0x04
     f20:	8d 83       	std	Y+5, r24	; 0x05
		break;
     f22:	35 cf       	rjmp	.-406    	; 0xd8e <OLED_Char+0x180>

		case 'y':
		font[0]=0x0C; font[1]=0x50; font[2]=0x50; font[3]=0x50; font[4]=0x3C;
     f24:	8c e0       	ldi	r24, 0x0C	; 12
     f26:	89 83       	std	Y+1, r24	; 0x01
     f28:	80 e5       	ldi	r24, 0x50	; 80
     f2a:	8a 83       	std	Y+2, r24	; 0x02
     f2c:	8b 83       	std	Y+3, r24	; 0x03
     f2e:	8c 83       	std	Y+4, r24	; 0x04
     f30:	8c e3       	ldi	r24, 0x3C	; 60
     f32:	8d 83       	std	Y+5, r24	; 0x05
		break;
     f34:	2c cf       	rjmp	.-424    	; 0xd8e <OLED_Char+0x180>

		case 'z':
		font[0]=0x44; font[1]=0x64; font[2]=0x54; font[3]=0x4C; font[4]=0x44;
     f36:	84 e4       	ldi	r24, 0x44	; 68
     f38:	89 83       	std	Y+1, r24	; 0x01
     f3a:	94 e6       	ldi	r25, 0x64	; 100
     f3c:	9a 83       	std	Y+2, r25	; 0x02
     f3e:	94 e5       	ldi	r25, 0x54	; 84
     f40:	9b 83       	std	Y+3, r25	; 0x03
     f42:	9c e4       	ldi	r25, 0x4C	; 76
     f44:	9c 83       	std	Y+4, r25	; 0x04
     f46:	8d 83       	std	Y+5, r24	; 0x05
		break;
     f48:	22 cf       	rjmp	.-444    	; 0xd8e <OLED_Char+0x180>

		/* UPPERCASE LETTERS */

		case 'A':
		font[0]=0x7E; font[1]=0x11; font[2]=0x11; font[3]=0x11; font[4]=0x7E;
     f4a:	9e e7       	ldi	r25, 0x7E	; 126
     f4c:	99 83       	std	Y+1, r25	; 0x01
     f4e:	81 e1       	ldi	r24, 0x11	; 17
     f50:	8a 83       	std	Y+2, r24	; 0x02
     f52:	8b 83       	std	Y+3, r24	; 0x03
     f54:	8c 83       	std	Y+4, r24	; 0x04
     f56:	9d 83       	std	Y+5, r25	; 0x05
		break;
     f58:	1a cf       	rjmp	.-460    	; 0xd8e <OLED_Char+0x180>

		case 'B':
		font[0]=0x7F; font[1]=0x49; font[2]=0x49; font[3]=0x49; font[4]=0x36;
     f5a:	8f e7       	ldi	r24, 0x7F	; 127
     f5c:	89 83       	std	Y+1, r24	; 0x01
     f5e:	89 e4       	ldi	r24, 0x49	; 73
     f60:	8a 83       	std	Y+2, r24	; 0x02
     f62:	8b 83       	std	Y+3, r24	; 0x03
     f64:	8c 83       	std	Y+4, r24	; 0x04
     f66:	86 e3       	ldi	r24, 0x36	; 54
     f68:	8d 83       	std	Y+5, r24	; 0x05
		break;
     f6a:	11 cf       	rjmp	.-478    	; 0xd8e <OLED_Char+0x180>

		case 'C':
		font[0]=0x3E; font[1]=0x41; font[2]=0x41; font[3]=0x41; font[4]=0x22;
     f6c:	8e e3       	ldi	r24, 0x3E	; 62
     f6e:	89 83       	std	Y+1, r24	; 0x01
     f70:	81 e4       	ldi	r24, 0x41	; 65
     f72:	8a 83       	std	Y+2, r24	; 0x02
     f74:	8b 83       	std	Y+3, r24	; 0x03
     f76:	8c 83       	std	Y+4, r24	; 0x04
     f78:	82 e2       	ldi	r24, 0x22	; 34
     f7a:	8d 83       	std	Y+5, r24	; 0x05
		break;
     f7c:	08 cf       	rjmp	.-496    	; 0xd8e <OLED_Char+0x180>

		/* continue your existing uppercase A-Z */
		
		/* CAPITAL P */
		case 'P':
		font[0]=0x7F;
     f7e:	8f e7       	ldi	r24, 0x7F	; 127
     f80:	89 83       	std	Y+1, r24	; 0x01
		font[1]=0x09;
     f82:	89 e0       	ldi	r24, 0x09	; 9
     f84:	8a 83       	std	Y+2, r24	; 0x02
		font[2]=0x09;
     f86:	8b 83       	std	Y+3, r24	; 0x03
		font[3]=0x09;
     f88:	8c 83       	std	Y+4, r24	; 0x04
		font[4]=0x06;
     f8a:	86 e0       	ldi	r24, 0x06	; 6
     f8c:	8d 83       	std	Y+5, r24	; 0x05
		break;
     f8e:	ff ce       	rjmp	.-514    	; 0xd8e <OLED_Char+0x180>

		/* CAPITAL T */
		case 'T':
		font[0]=0x01;
     f90:	81 e0       	ldi	r24, 0x01	; 1
     f92:	89 83       	std	Y+1, r24	; 0x01
		font[1]=0x01;
     f94:	8a 83       	std	Y+2, r24	; 0x02
		font[2]=0x7F;
     f96:	9f e7       	ldi	r25, 0x7F	; 127
     f98:	9b 83       	std	Y+3, r25	; 0x03
		font[3]=0x01;
     f9a:	8c 83       	std	Y+4, r24	; 0x04
		font[4]=0x01;
     f9c:	8d 83       	std	Y+5, r24	; 0x05
		break;
     f9e:	f7 ce       	rjmp	.-530    	; 0xd8e <OLED_Char+0x180>

		default:
		font[0]=0x00;
     fa0:	19 82       	std	Y+1, r1	; 0x01
		font[1]=0x00;
     fa2:	1a 82       	std	Y+2, r1	; 0x02
		font[2]=0x00;
     fa4:	1b 82       	std	Y+3, r1	; 0x03
		font[3]=0x00;
     fa6:	1c 82       	std	Y+4, r1	; 0x04
		font[4]=0x00;
     fa8:	1d 82       	std	Y+5, r1	; 0x05
		break;
     faa:	f1 ce       	rjmp	.-542    	; 0xd8e <OLED_Char+0x180>
	}
	for(i=0;i<5;i++)
	{
		OLED_Data(font[i]);
     fac:	e1 e0       	ldi	r30, 0x01	; 1
     fae:	f0 e0       	ldi	r31, 0x00	; 0
     fb0:	ec 0f       	add	r30, r28
     fb2:	fd 1f       	adc	r31, r29
     fb4:	e1 0f       	add	r30, r17
     fb6:	f1 1d       	adc	r31, r1
     fb8:	80 81       	ld	r24, Z
     fba:	0e 94 73 05 	call	0xae6	; 0xae6 <OLED_Data>
		font[2]=0x00;
		font[3]=0x00;
		font[4]=0x00;
		break;
	}
	for(i=0;i<5;i++)
     fbe:	1f 5f       	subi	r17, 0xFF	; 255
     fc0:	15 30       	cpi	r17, 0x05	; 5
     fc2:	a0 f3       	brcs	.-24     	; 0xfac <OLED_Char+0x39e>
	{
		OLED_Data(font[i]);
	}

	OLED_Data(0x00);
     fc4:	80 e0       	ldi	r24, 0x00	; 0
     fc6:	0e 94 73 05 	call	0xae6	; 0xae6 <OLED_Data>
}
     fca:	e7 96       	adiw	r28, 0x37	; 55
     fcc:	0f b6       	in	r0, 0x3f	; 63
     fce:	f8 94       	cli
     fd0:	de bf       	out	0x3e, r29	; 62
     fd2:	0f be       	out	0x3f, r0	; 63
     fd4:	cd bf       	out	0x3d, r28	; 61
     fd6:	df 91       	pop	r29
     fd8:	cf 91       	pop	r28
     fda:	1f 91       	pop	r17
     fdc:	0f 91       	pop	r16
     fde:	08 95       	ret

00000fe0 <OLED_String>:

void OLED_String(char *str)
{
     fe0:	cf 93       	push	r28
     fe2:	df 93       	push	r29
     fe4:	ec 01       	movw	r28, r24
	while(*str)
     fe6:	03 c0       	rjmp	.+6      	; 0xfee <OLED_String+0xe>
	{
		OLED_Char(*str++);
     fe8:	21 96       	adiw	r28, 0x01	; 1
     fea:	0e 94 07 06 	call	0xc0e	; 0xc0e <OLED_Char>
	OLED_Data(0x00);
}

void OLED_String(char *str)
{
	while(*str)
     fee:	88 81       	ld	r24, Y
     ff0:	81 11       	cpse	r24, r1
     ff2:	fa cf       	rjmp	.-12     	; 0xfe8 <OLED_String+0x8>
	{
		OLED_Char(*str++);
	}
     ff4:	df 91       	pop	r29
     ff6:	cf 91       	pop	r28
     ff8:	08 95       	ret

00000ffa <__divsf3>:
     ffa:	0e 94 11 08 	call	0x1022	; 0x1022 <__divsf3x>
     ffe:	0c 94 17 09 	jmp	0x122e	; 0x122e <__fp_round>
    1002:	0e 94 10 09 	call	0x1220	; 0x1220 <__fp_pscB>
    1006:	58 f0       	brcs	.+22     	; 0x101e <__divsf3+0x24>
    1008:	0e 94 09 09 	call	0x1212	; 0x1212 <__fp_pscA>
    100c:	40 f0       	brcs	.+16     	; 0x101e <__divsf3+0x24>
    100e:	29 f4       	brne	.+10     	; 0x101a <__divsf3+0x20>
    1010:	5f 3f       	cpi	r21, 0xFF	; 255
    1012:	29 f0       	breq	.+10     	; 0x101e <__divsf3+0x24>
    1014:	0c 94 f0 08 	jmp	0x11e0	; 0x11e0 <__fp_inf>
    1018:	51 11       	cpse	r21, r1
    101a:	0c 94 4b 09 	jmp	0x1296	; 0x1296 <__fp_szero>
    101e:	0c 94 f6 08 	jmp	0x11ec	; 0x11ec <__fp_nan>

00001022 <__divsf3x>:
    1022:	0e 94 28 09 	call	0x1250	; 0x1250 <__fp_split3>
    1026:	68 f3       	brcs	.-38     	; 0x1002 <__divsf3+0x8>

00001028 <__divsf3_pse>:
    1028:	99 23       	and	r25, r25
    102a:	b1 f3       	breq	.-20     	; 0x1018 <__divsf3+0x1e>
    102c:	55 23       	and	r21, r21
    102e:	91 f3       	breq	.-28     	; 0x1014 <__divsf3+0x1a>
    1030:	95 1b       	sub	r25, r21
    1032:	55 0b       	sbc	r21, r21
    1034:	bb 27       	eor	r27, r27
    1036:	aa 27       	eor	r26, r26
    1038:	62 17       	cp	r22, r18
    103a:	73 07       	cpc	r23, r19
    103c:	84 07       	cpc	r24, r20
    103e:	38 f0       	brcs	.+14     	; 0x104e <__divsf3_pse+0x26>
    1040:	9f 5f       	subi	r25, 0xFF	; 255
    1042:	5f 4f       	sbci	r21, 0xFF	; 255
    1044:	22 0f       	add	r18, r18
    1046:	33 1f       	adc	r19, r19
    1048:	44 1f       	adc	r20, r20
    104a:	aa 1f       	adc	r26, r26
    104c:	a9 f3       	breq	.-22     	; 0x1038 <__divsf3_pse+0x10>
    104e:	35 d0       	rcall	.+106    	; 0x10ba <__divsf3_pse+0x92>
    1050:	0e 2e       	mov	r0, r30
    1052:	3a f0       	brmi	.+14     	; 0x1062 <__divsf3_pse+0x3a>
    1054:	e0 e8       	ldi	r30, 0x80	; 128
    1056:	32 d0       	rcall	.+100    	; 0x10bc <__divsf3_pse+0x94>
    1058:	91 50       	subi	r25, 0x01	; 1
    105a:	50 40       	sbci	r21, 0x00	; 0
    105c:	e6 95       	lsr	r30
    105e:	00 1c       	adc	r0, r0
    1060:	ca f7       	brpl	.-14     	; 0x1054 <__divsf3_pse+0x2c>
    1062:	2b d0       	rcall	.+86     	; 0x10ba <__divsf3_pse+0x92>
    1064:	fe 2f       	mov	r31, r30
    1066:	29 d0       	rcall	.+82     	; 0x10ba <__divsf3_pse+0x92>
    1068:	66 0f       	add	r22, r22
    106a:	77 1f       	adc	r23, r23
    106c:	88 1f       	adc	r24, r24
    106e:	bb 1f       	adc	r27, r27
    1070:	26 17       	cp	r18, r22
    1072:	37 07       	cpc	r19, r23
    1074:	48 07       	cpc	r20, r24
    1076:	ab 07       	cpc	r26, r27
    1078:	b0 e8       	ldi	r27, 0x80	; 128
    107a:	09 f0       	breq	.+2      	; 0x107e <__divsf3_pse+0x56>
    107c:	bb 0b       	sbc	r27, r27
    107e:	80 2d       	mov	r24, r0
    1080:	bf 01       	movw	r22, r30
    1082:	ff 27       	eor	r31, r31
    1084:	93 58       	subi	r25, 0x83	; 131
    1086:	5f 4f       	sbci	r21, 0xFF	; 255
    1088:	3a f0       	brmi	.+14     	; 0x1098 <__divsf3_pse+0x70>
    108a:	9e 3f       	cpi	r25, 0xFE	; 254
    108c:	51 05       	cpc	r21, r1
    108e:	78 f0       	brcs	.+30     	; 0x10ae <__divsf3_pse+0x86>
    1090:	0c 94 f0 08 	jmp	0x11e0	; 0x11e0 <__fp_inf>
    1094:	0c 94 4b 09 	jmp	0x1296	; 0x1296 <__fp_szero>
    1098:	5f 3f       	cpi	r21, 0xFF	; 255
    109a:	e4 f3       	brlt	.-8      	; 0x1094 <__divsf3_pse+0x6c>
    109c:	98 3e       	cpi	r25, 0xE8	; 232
    109e:	d4 f3       	brlt	.-12     	; 0x1094 <__divsf3_pse+0x6c>
    10a0:	86 95       	lsr	r24
    10a2:	77 95       	ror	r23
    10a4:	67 95       	ror	r22
    10a6:	b7 95       	ror	r27
    10a8:	f7 95       	ror	r31
    10aa:	9f 5f       	subi	r25, 0xFF	; 255
    10ac:	c9 f7       	brne	.-14     	; 0x10a0 <__divsf3_pse+0x78>
    10ae:	88 0f       	add	r24, r24
    10b0:	91 1d       	adc	r25, r1
    10b2:	96 95       	lsr	r25
    10b4:	87 95       	ror	r24
    10b6:	97 f9       	bld	r25, 7
    10b8:	08 95       	ret
    10ba:	e1 e0       	ldi	r30, 0x01	; 1
    10bc:	66 0f       	add	r22, r22
    10be:	77 1f       	adc	r23, r23
    10c0:	88 1f       	adc	r24, r24
    10c2:	bb 1f       	adc	r27, r27
    10c4:	62 17       	cp	r22, r18
    10c6:	73 07       	cpc	r23, r19
    10c8:	84 07       	cpc	r24, r20
    10ca:	ba 07       	cpc	r27, r26
    10cc:	20 f0       	brcs	.+8      	; 0x10d6 <__divsf3_pse+0xae>
    10ce:	62 1b       	sub	r22, r18
    10d0:	73 0b       	sbc	r23, r19
    10d2:	84 0b       	sbc	r24, r20
    10d4:	ba 0b       	sbc	r27, r26
    10d6:	ee 1f       	adc	r30, r30
    10d8:	88 f7       	brcc	.-30     	; 0x10bc <__divsf3_pse+0x94>
    10da:	e0 95       	com	r30
    10dc:	08 95       	ret

000010de <__floatdisf>:
    10de:	97 fb       	bst	r25, 7
    10e0:	16 f4       	brtc	.+4      	; 0x10e6 <__floatdisf+0x8>
    10e2:	0e 94 f9 08 	call	0x11f2	; 0x11f2 <__fp_negdi>
    10e6:	0c 94 b3 08 	jmp	0x1166	; 0x1166 <__fp_di2sf>

000010ea <__floatunsisf>:
    10ea:	e8 94       	clt
    10ec:	09 c0       	rjmp	.+18     	; 0x1100 <__floatsisf+0x12>

000010ee <__floatsisf>:
    10ee:	97 fb       	bst	r25, 7
    10f0:	3e f4       	brtc	.+14     	; 0x1100 <__floatsisf+0x12>
    10f2:	90 95       	com	r25
    10f4:	80 95       	com	r24
    10f6:	70 95       	com	r23
    10f8:	61 95       	neg	r22
    10fa:	7f 4f       	sbci	r23, 0xFF	; 255
    10fc:	8f 4f       	sbci	r24, 0xFF	; 255
    10fe:	9f 4f       	sbci	r25, 0xFF	; 255
    1100:	99 23       	and	r25, r25
    1102:	a9 f0       	breq	.+42     	; 0x112e <__floatsisf+0x40>
    1104:	f9 2f       	mov	r31, r25
    1106:	96 e9       	ldi	r25, 0x96	; 150
    1108:	bb 27       	eor	r27, r27
    110a:	93 95       	inc	r25
    110c:	f6 95       	lsr	r31
    110e:	87 95       	ror	r24
    1110:	77 95       	ror	r23
    1112:	67 95       	ror	r22
    1114:	b7 95       	ror	r27
    1116:	f1 11       	cpse	r31, r1
    1118:	f8 cf       	rjmp	.-16     	; 0x110a <__floatsisf+0x1c>
    111a:	fa f4       	brpl	.+62     	; 0x115a <__floatsisf+0x6c>
    111c:	bb 0f       	add	r27, r27
    111e:	11 f4       	brne	.+4      	; 0x1124 <__floatsisf+0x36>
    1120:	60 ff       	sbrs	r22, 0
    1122:	1b c0       	rjmp	.+54     	; 0x115a <__floatsisf+0x6c>
    1124:	6f 5f       	subi	r22, 0xFF	; 255
    1126:	7f 4f       	sbci	r23, 0xFF	; 255
    1128:	8f 4f       	sbci	r24, 0xFF	; 255
    112a:	9f 4f       	sbci	r25, 0xFF	; 255
    112c:	16 c0       	rjmp	.+44     	; 0x115a <__floatsisf+0x6c>
    112e:	88 23       	and	r24, r24
    1130:	11 f0       	breq	.+4      	; 0x1136 <__floatsisf+0x48>
    1132:	96 e9       	ldi	r25, 0x96	; 150
    1134:	11 c0       	rjmp	.+34     	; 0x1158 <__floatsisf+0x6a>
    1136:	77 23       	and	r23, r23
    1138:	21 f0       	breq	.+8      	; 0x1142 <__floatsisf+0x54>
    113a:	9e e8       	ldi	r25, 0x8E	; 142
    113c:	87 2f       	mov	r24, r23
    113e:	76 2f       	mov	r23, r22
    1140:	05 c0       	rjmp	.+10     	; 0x114c <__floatsisf+0x5e>
    1142:	66 23       	and	r22, r22
    1144:	71 f0       	breq	.+28     	; 0x1162 <__floatsisf+0x74>
    1146:	96 e8       	ldi	r25, 0x86	; 134
    1148:	86 2f       	mov	r24, r22
    114a:	70 e0       	ldi	r23, 0x00	; 0
    114c:	60 e0       	ldi	r22, 0x00	; 0
    114e:	2a f0       	brmi	.+10     	; 0x115a <__floatsisf+0x6c>
    1150:	9a 95       	dec	r25
    1152:	66 0f       	add	r22, r22
    1154:	77 1f       	adc	r23, r23
    1156:	88 1f       	adc	r24, r24
    1158:	da f7       	brpl	.-10     	; 0x1150 <__floatsisf+0x62>
    115a:	88 0f       	add	r24, r24
    115c:	96 95       	lsr	r25
    115e:	87 95       	ror	r24
    1160:	97 f9       	bld	r25, 7
    1162:	08 95       	ret

00001164 <__floatundisf>:
    1164:	e8 94       	clt

00001166 <__fp_di2sf>:
    1166:	f9 2f       	mov	r31, r25
    1168:	96 eb       	ldi	r25, 0xB6	; 182
    116a:	ff 23       	and	r31, r31
    116c:	81 f0       	breq	.+32     	; 0x118e <__fp_di2sf+0x28>
    116e:	12 16       	cp	r1, r18
    1170:	13 06       	cpc	r1, r19
    1172:	14 06       	cpc	r1, r20
    1174:	44 0b       	sbc	r20, r20
    1176:	93 95       	inc	r25
    1178:	f6 95       	lsr	r31
    117a:	87 95       	ror	r24
    117c:	77 95       	ror	r23
    117e:	67 95       	ror	r22
    1180:	57 95       	ror	r21
    1182:	40 40       	sbci	r20, 0x00	; 0
    1184:	ff 23       	and	r31, r31
    1186:	b9 f7       	brne	.-18     	; 0x1176 <__fp_di2sf+0x10>
    1188:	1b c0       	rjmp	.+54     	; 0x11c0 <__fp_di2sf+0x5a>
    118a:	99 27       	eor	r25, r25
    118c:	08 95       	ret
    118e:	88 23       	and	r24, r24
    1190:	51 f4       	brne	.+20     	; 0x11a6 <__fp_di2sf+0x40>
    1192:	98 50       	subi	r25, 0x08	; 8
    1194:	d2 f7       	brpl	.-12     	; 0x118a <__fp_di2sf+0x24>
    1196:	87 2b       	or	r24, r23
    1198:	76 2f       	mov	r23, r22
    119a:	65 2f       	mov	r22, r21
    119c:	54 2f       	mov	r21, r20
    119e:	43 2f       	mov	r20, r19
    11a0:	32 2f       	mov	r19, r18
    11a2:	20 e0       	ldi	r18, 0x00	; 0
    11a4:	b1 f3       	breq	.-20     	; 0x1192 <__fp_di2sf+0x2c>
    11a6:	12 16       	cp	r1, r18
    11a8:	13 06       	cpc	r1, r19
    11aa:	14 06       	cpc	r1, r20
    11ac:	44 0b       	sbc	r20, r20
    11ae:	88 23       	and	r24, r24
    11b0:	3a f0       	brmi	.+14     	; 0x11c0 <__fp_di2sf+0x5a>
    11b2:	9a 95       	dec	r25
    11b4:	44 0f       	add	r20, r20
    11b6:	55 1f       	adc	r21, r21
    11b8:	66 1f       	adc	r22, r22
    11ba:	77 1f       	adc	r23, r23
    11bc:	88 1f       	adc	r24, r24
    11be:	ca f7       	brpl	.-14     	; 0x11b2 <__fp_di2sf+0x4c>
    11c0:	55 23       	and	r21, r21
    11c2:	4a f4       	brpl	.+18     	; 0x11d6 <__fp_di2sf+0x70>
    11c4:	44 0f       	add	r20, r20
    11c6:	55 1f       	adc	r21, r21
    11c8:	11 f4       	brne	.+4      	; 0x11ce <__fp_di2sf+0x68>
    11ca:	60 ff       	sbrs	r22, 0
    11cc:	04 c0       	rjmp	.+8      	; 0x11d6 <__fp_di2sf+0x70>
    11ce:	6f 5f       	subi	r22, 0xFF	; 255
    11d0:	7f 4f       	sbci	r23, 0xFF	; 255
    11d2:	8f 4f       	sbci	r24, 0xFF	; 255
    11d4:	9f 4f       	sbci	r25, 0xFF	; 255
    11d6:	88 0f       	add	r24, r24
    11d8:	96 95       	lsr	r25
    11da:	87 95       	ror	r24
    11dc:	97 f9       	bld	r25, 7
    11de:	08 95       	ret

000011e0 <__fp_inf>:
    11e0:	97 f9       	bld	r25, 7
    11e2:	9f 67       	ori	r25, 0x7F	; 127
    11e4:	80 e8       	ldi	r24, 0x80	; 128
    11e6:	70 e0       	ldi	r23, 0x00	; 0
    11e8:	60 e0       	ldi	r22, 0x00	; 0
    11ea:	08 95       	ret

000011ec <__fp_nan>:
    11ec:	9f ef       	ldi	r25, 0xFF	; 255
    11ee:	80 ec       	ldi	r24, 0xC0	; 192
    11f0:	08 95       	ret

000011f2 <__fp_negdi>:
    11f2:	90 95       	com	r25
    11f4:	80 95       	com	r24
    11f6:	70 95       	com	r23
    11f8:	60 95       	com	r22
    11fa:	50 95       	com	r21
    11fc:	40 95       	com	r20
    11fe:	30 95       	com	r19
    1200:	21 95       	neg	r18
    1202:	3f 4f       	sbci	r19, 0xFF	; 255
    1204:	4f 4f       	sbci	r20, 0xFF	; 255
    1206:	5f 4f       	sbci	r21, 0xFF	; 255
    1208:	6f 4f       	sbci	r22, 0xFF	; 255
    120a:	7f 4f       	sbci	r23, 0xFF	; 255
    120c:	8f 4f       	sbci	r24, 0xFF	; 255
    120e:	9f 4f       	sbci	r25, 0xFF	; 255
    1210:	08 95       	ret

00001212 <__fp_pscA>:
    1212:	00 24       	eor	r0, r0
    1214:	0a 94       	dec	r0
    1216:	16 16       	cp	r1, r22
    1218:	17 06       	cpc	r1, r23
    121a:	18 06       	cpc	r1, r24
    121c:	09 06       	cpc	r0, r25
    121e:	08 95       	ret

00001220 <__fp_pscB>:
    1220:	00 24       	eor	r0, r0
    1222:	0a 94       	dec	r0
    1224:	12 16       	cp	r1, r18
    1226:	13 06       	cpc	r1, r19
    1228:	14 06       	cpc	r1, r20
    122a:	05 06       	cpc	r0, r21
    122c:	08 95       	ret

0000122e <__fp_round>:
    122e:	09 2e       	mov	r0, r25
    1230:	03 94       	inc	r0
    1232:	00 0c       	add	r0, r0
    1234:	11 f4       	brne	.+4      	; 0x123a <__fp_round+0xc>
    1236:	88 23       	and	r24, r24
    1238:	52 f0       	brmi	.+20     	; 0x124e <__fp_round+0x20>
    123a:	bb 0f       	add	r27, r27
    123c:	40 f4       	brcc	.+16     	; 0x124e <__fp_round+0x20>
    123e:	bf 2b       	or	r27, r31
    1240:	11 f4       	brne	.+4      	; 0x1246 <__fp_round+0x18>
    1242:	60 ff       	sbrs	r22, 0
    1244:	04 c0       	rjmp	.+8      	; 0x124e <__fp_round+0x20>
    1246:	6f 5f       	subi	r22, 0xFF	; 255
    1248:	7f 4f       	sbci	r23, 0xFF	; 255
    124a:	8f 4f       	sbci	r24, 0xFF	; 255
    124c:	9f 4f       	sbci	r25, 0xFF	; 255
    124e:	08 95       	ret

00001250 <__fp_split3>:
    1250:	57 fd       	sbrc	r21, 7
    1252:	90 58       	subi	r25, 0x80	; 128
    1254:	44 0f       	add	r20, r20
    1256:	55 1f       	adc	r21, r21
    1258:	59 f0       	breq	.+22     	; 0x1270 <__fp_splitA+0x10>
    125a:	5f 3f       	cpi	r21, 0xFF	; 255
    125c:	71 f0       	breq	.+28     	; 0x127a <__fp_splitA+0x1a>
    125e:	47 95       	ror	r20

00001260 <__fp_splitA>:
    1260:	88 0f       	add	r24, r24
    1262:	97 fb       	bst	r25, 7
    1264:	99 1f       	adc	r25, r25
    1266:	61 f0       	breq	.+24     	; 0x1280 <__fp_splitA+0x20>
    1268:	9f 3f       	cpi	r25, 0xFF	; 255
    126a:	79 f0       	breq	.+30     	; 0x128a <__fp_splitA+0x2a>
    126c:	87 95       	ror	r24
    126e:	08 95       	ret
    1270:	12 16       	cp	r1, r18
    1272:	13 06       	cpc	r1, r19
    1274:	14 06       	cpc	r1, r20
    1276:	55 1f       	adc	r21, r21
    1278:	f2 cf       	rjmp	.-28     	; 0x125e <__fp_split3+0xe>
    127a:	46 95       	lsr	r20
    127c:	f1 df       	rcall	.-30     	; 0x1260 <__fp_splitA>
    127e:	08 c0       	rjmp	.+16     	; 0x1290 <__fp_splitA+0x30>
    1280:	16 16       	cp	r1, r22
    1282:	17 06       	cpc	r1, r23
    1284:	18 06       	cpc	r1, r24
    1286:	99 1f       	adc	r25, r25
    1288:	f1 cf       	rjmp	.-30     	; 0x126c <__fp_splitA+0xc>
    128a:	86 95       	lsr	r24
    128c:	71 05       	cpc	r23, r1
    128e:	61 05       	cpc	r22, r1
    1290:	08 94       	sec
    1292:	08 95       	ret

00001294 <__fp_zero>:
    1294:	e8 94       	clt

00001296 <__fp_szero>:
    1296:	bb 27       	eor	r27, r27
    1298:	66 27       	eor	r22, r22
    129a:	77 27       	eor	r23, r23
    129c:	cb 01       	movw	r24, r22
    129e:	97 f9       	bld	r25, 7
    12a0:	08 95       	ret

000012a2 <__mulsi3>:
    12a2:	db 01       	movw	r26, r22
    12a4:	8f 93       	push	r24
    12a6:	9f 93       	push	r25
    12a8:	0e 94 67 09 	call	0x12ce	; 0x12ce <__muluhisi3>
    12ac:	bf 91       	pop	r27
    12ae:	af 91       	pop	r26
    12b0:	a2 9f       	mul	r26, r18
    12b2:	80 0d       	add	r24, r0
    12b4:	91 1d       	adc	r25, r1
    12b6:	a3 9f       	mul	r26, r19
    12b8:	90 0d       	add	r25, r0
    12ba:	b2 9f       	mul	r27, r18
    12bc:	90 0d       	add	r25, r0
    12be:	11 24       	eor	r1, r1
    12c0:	08 95       	ret

000012c2 <__tablejump2__>:
    12c2:	ee 0f       	add	r30, r30
    12c4:	ff 1f       	adc	r31, r31
    12c6:	05 90       	lpm	r0, Z+
    12c8:	f4 91       	lpm	r31, Z
    12ca:	e0 2d       	mov	r30, r0
    12cc:	09 94       	ijmp

000012ce <__muluhisi3>:
    12ce:	0e 94 ff 0a 	call	0x15fe	; 0x15fe <__umulhisi3>
    12d2:	a5 9f       	mul	r26, r21
    12d4:	90 0d       	add	r25, r0
    12d6:	b4 9f       	mul	r27, r20
    12d8:	90 0d       	add	r25, r0
    12da:	a4 9f       	mul	r26, r20
    12dc:	80 0d       	add	r24, r0
    12de:	91 1d       	adc	r25, r1
    12e0:	11 24       	eor	r1, r1
    12e2:	08 95       	ret

000012e4 <__mulshisi3>:
    12e4:	b7 ff       	sbrs	r27, 7
    12e6:	0c 94 67 09 	jmp	0x12ce	; 0x12ce <__muluhisi3>

000012ea <__mulohisi3>:
    12ea:	0e 94 67 09 	call	0x12ce	; 0x12ce <__muluhisi3>
    12ee:	82 1b       	sub	r24, r18
    12f0:	93 0b       	sbc	r25, r19
    12f2:	08 95       	ret

000012f4 <__muldi3>:
    12f4:	df 93       	push	r29
    12f6:	cf 93       	push	r28
    12f8:	1f 93       	push	r17
    12fa:	0f 93       	push	r16
    12fc:	9a 9d       	mul	r25, r10
    12fe:	f0 2d       	mov	r31, r0
    1300:	21 9f       	mul	r18, r17
    1302:	f0 0d       	add	r31, r0
    1304:	8b 9d       	mul	r24, r11
    1306:	f0 0d       	add	r31, r0
    1308:	8a 9d       	mul	r24, r10
    130a:	e0 2d       	mov	r30, r0
    130c:	f1 0d       	add	r31, r1
    130e:	03 9f       	mul	r16, r19
    1310:	f0 0d       	add	r31, r0
    1312:	02 9f       	mul	r16, r18
    1314:	e0 0d       	add	r30, r0
    1316:	f1 1d       	adc	r31, r1
    1318:	4e 9d       	mul	r20, r14
    131a:	e0 0d       	add	r30, r0
    131c:	f1 1d       	adc	r31, r1
    131e:	5e 9d       	mul	r21, r14
    1320:	f0 0d       	add	r31, r0
    1322:	4f 9d       	mul	r20, r15
    1324:	f0 0d       	add	r31, r0
    1326:	7f 93       	push	r23
    1328:	6f 93       	push	r22
    132a:	bf 92       	push	r11
    132c:	af 92       	push	r10
    132e:	5f 93       	push	r21
    1330:	4f 93       	push	r20
    1332:	d5 01       	movw	r26, r10
    1334:	0e 94 ff 0a 	call	0x15fe	; 0x15fe <__umulhisi3>
    1338:	8b 01       	movw	r16, r22
    133a:	ac 01       	movw	r20, r24
    133c:	d7 01       	movw	r26, r14
    133e:	0e 94 ff 0a 	call	0x15fe	; 0x15fe <__umulhisi3>
    1342:	eb 01       	movw	r28, r22
    1344:	e8 0f       	add	r30, r24
    1346:	f9 1f       	adc	r31, r25
    1348:	d6 01       	movw	r26, r12
    134a:	0e 94 ca 09 	call	0x1394	; 0x1394 <__muldi3_6>
    134e:	2f 91       	pop	r18
    1350:	3f 91       	pop	r19
    1352:	d6 01       	movw	r26, r12
    1354:	0e 94 ff 0a 	call	0x15fe	; 0x15fe <__umulhisi3>
    1358:	c6 0f       	add	r28, r22
    135a:	d7 1f       	adc	r29, r23
    135c:	e8 1f       	adc	r30, r24
    135e:	f9 1f       	adc	r31, r25
    1360:	af 91       	pop	r26
    1362:	bf 91       	pop	r27
    1364:	0e 94 ca 09 	call	0x1394	; 0x1394 <__muldi3_6>
    1368:	2f 91       	pop	r18
    136a:	3f 91       	pop	r19
    136c:	0e 94 ff 0a 	call	0x15fe	; 0x15fe <__umulhisi3>
    1370:	c6 0f       	add	r28, r22
    1372:	d7 1f       	adc	r29, r23
    1374:	e8 1f       	adc	r30, r24
    1376:	f9 1f       	adc	r31, r25
    1378:	d6 01       	movw	r26, r12
    137a:	0e 94 ff 0a 	call	0x15fe	; 0x15fe <__umulhisi3>
    137e:	e6 0f       	add	r30, r22
    1380:	f7 1f       	adc	r31, r23
    1382:	98 01       	movw	r18, r16
    1384:	be 01       	movw	r22, r28
    1386:	cf 01       	movw	r24, r30
    1388:	11 24       	eor	r1, r1
    138a:	0f 91       	pop	r16
    138c:	1f 91       	pop	r17
    138e:	cf 91       	pop	r28
    1390:	df 91       	pop	r29
    1392:	08 95       	ret

00001394 <__muldi3_6>:
    1394:	0e 94 ff 0a 	call	0x15fe	; 0x15fe <__umulhisi3>
    1398:	46 0f       	add	r20, r22
    139a:	57 1f       	adc	r21, r23
    139c:	c8 1f       	adc	r28, r24
    139e:	d9 1f       	adc	r29, r25
    13a0:	08 f4       	brcc	.+2      	; 0x13a4 <__muldi3_6+0x10>
    13a2:	31 96       	adiw	r30, 0x01	; 1
    13a4:	08 95       	ret

000013a6 <__moddi3>:
    13a6:	68 94       	set
    13a8:	01 c0       	rjmp	.+2      	; 0x13ac <__divdi3_moddi3>

000013aa <__divdi3>:
    13aa:	e8 94       	clt

000013ac <__divdi3_moddi3>:
    13ac:	f9 2f       	mov	r31, r25
    13ae:	f1 2b       	or	r31, r17
    13b0:	12 f0       	brmi	.+4      	; 0x13b6 <__divdi3_moddi3+0xa>
    13b2:	0c 94 07 0a 	jmp	0x140e	; 0x140e <__udivdi3_umoddi3>
    13b6:	a0 e0       	ldi	r26, 0x00	; 0
    13b8:	b0 e0       	ldi	r27, 0x00	; 0
    13ba:	e1 ee       	ldi	r30, 0xE1	; 225
    13bc:	f9 e0       	ldi	r31, 0x09	; 9
    13be:	0c 94 79 0a 	jmp	0x14f2	; 0x14f2 <__prologue_saves__+0xc>
    13c2:	09 2e       	mov	r0, r25
    13c4:	05 94       	asr	r0
    13c6:	22 f4       	brpl	.+8      	; 0x13d0 <__divdi3_moddi3+0x24>
    13c8:	0e 94 63 0a 	call	0x14c6	; 0x14c6 <__negdi2>
    13cc:	11 23       	and	r17, r17
    13ce:	92 f4       	brpl	.+36     	; 0x13f4 <__divdi3_moddi3+0x48>
    13d0:	f0 e8       	ldi	r31, 0x80	; 128
    13d2:	0f 26       	eor	r0, r31
    13d4:	ff ef       	ldi	r31, 0xFF	; 255
    13d6:	e0 94       	com	r14
    13d8:	f0 94       	com	r15
    13da:	00 95       	com	r16
    13dc:	10 95       	com	r17
    13de:	b0 94       	com	r11
    13e0:	c0 94       	com	r12
    13e2:	d0 94       	com	r13
    13e4:	a1 94       	neg	r10
    13e6:	bf 0a       	sbc	r11, r31
    13e8:	cf 0a       	sbc	r12, r31
    13ea:	df 0a       	sbc	r13, r31
    13ec:	ef 0a       	sbc	r14, r31
    13ee:	ff 0a       	sbc	r15, r31
    13f0:	0f 0b       	sbc	r16, r31
    13f2:	1f 0b       	sbc	r17, r31
    13f4:	0e 94 12 0a 	call	0x1424	; 0x1424 <__udivmod64>
    13f8:	07 fc       	sbrc	r0, 7
    13fa:	0e 94 63 0a 	call	0x14c6	; 0x14c6 <__negdi2>
    13fe:	cd b7       	in	r28, 0x3d	; 61
    1400:	de b7       	in	r29, 0x3e	; 62
    1402:	ec e0       	ldi	r30, 0x0C	; 12
    1404:	0c 94 95 0a 	jmp	0x152a	; 0x152a <__epilogue_restores__+0xc>

00001408 <__umoddi3>:
    1408:	68 94       	set
    140a:	01 c0       	rjmp	.+2      	; 0x140e <__udivdi3_umoddi3>

0000140c <__udivdi3>:
    140c:	e8 94       	clt

0000140e <__udivdi3_umoddi3>:
    140e:	8f 92       	push	r8
    1410:	9f 92       	push	r9
    1412:	cf 93       	push	r28
    1414:	df 93       	push	r29
    1416:	0e 94 12 0a 	call	0x1424	; 0x1424 <__udivmod64>
    141a:	df 91       	pop	r29
    141c:	cf 91       	pop	r28
    141e:	9f 90       	pop	r9
    1420:	8f 90       	pop	r8
    1422:	08 95       	ret

00001424 <__udivmod64>:
    1424:	88 24       	eor	r8, r8
    1426:	99 24       	eor	r9, r9
    1428:	f4 01       	movw	r30, r8
    142a:	e4 01       	movw	r28, r8
    142c:	b0 e4       	ldi	r27, 0x40	; 64
    142e:	9f 93       	push	r25
    1430:	aa 27       	eor	r26, r26
    1432:	9a 15       	cp	r25, r10
    1434:	8b 04       	cpc	r8, r11
    1436:	9c 04       	cpc	r9, r12
    1438:	ed 05       	cpc	r30, r13
    143a:	fe 05       	cpc	r31, r14
    143c:	cf 05       	cpc	r28, r15
    143e:	d0 07       	cpc	r29, r16
    1440:	a1 07       	cpc	r26, r17
    1442:	98 f4       	brcc	.+38     	; 0x146a <__udivmod64+0x46>
    1444:	ad 2f       	mov	r26, r29
    1446:	dc 2f       	mov	r29, r28
    1448:	cf 2f       	mov	r28, r31
    144a:	fe 2f       	mov	r31, r30
    144c:	e9 2d       	mov	r30, r9
    144e:	98 2c       	mov	r9, r8
    1450:	89 2e       	mov	r8, r25
    1452:	98 2f       	mov	r25, r24
    1454:	87 2f       	mov	r24, r23
    1456:	76 2f       	mov	r23, r22
    1458:	65 2f       	mov	r22, r21
    145a:	54 2f       	mov	r21, r20
    145c:	43 2f       	mov	r20, r19
    145e:	32 2f       	mov	r19, r18
    1460:	22 27       	eor	r18, r18
    1462:	b8 50       	subi	r27, 0x08	; 8
    1464:	31 f7       	brne	.-52     	; 0x1432 <__udivmod64+0xe>
    1466:	bf 91       	pop	r27
    1468:	27 c0       	rjmp	.+78     	; 0x14b8 <__udivmod64+0x94>
    146a:	1b 2e       	mov	r1, r27
    146c:	bf 91       	pop	r27
    146e:	bb 27       	eor	r27, r27
    1470:	22 0f       	add	r18, r18
    1472:	33 1f       	adc	r19, r19
    1474:	44 1f       	adc	r20, r20
    1476:	55 1f       	adc	r21, r21
    1478:	66 1f       	adc	r22, r22
    147a:	77 1f       	adc	r23, r23
    147c:	88 1f       	adc	r24, r24
    147e:	99 1f       	adc	r25, r25
    1480:	88 1c       	adc	r8, r8
    1482:	99 1c       	adc	r9, r9
    1484:	ee 1f       	adc	r30, r30
    1486:	ff 1f       	adc	r31, r31
    1488:	cc 1f       	adc	r28, r28
    148a:	dd 1f       	adc	r29, r29
    148c:	aa 1f       	adc	r26, r26
    148e:	bb 1f       	adc	r27, r27
    1490:	8a 14       	cp	r8, r10
    1492:	9b 04       	cpc	r9, r11
    1494:	ec 05       	cpc	r30, r12
    1496:	fd 05       	cpc	r31, r13
    1498:	ce 05       	cpc	r28, r14
    149a:	df 05       	cpc	r29, r15
    149c:	a0 07       	cpc	r26, r16
    149e:	b1 07       	cpc	r27, r17
    14a0:	48 f0       	brcs	.+18     	; 0x14b4 <__udivmod64+0x90>
    14a2:	8a 18       	sub	r8, r10
    14a4:	9b 08       	sbc	r9, r11
    14a6:	ec 09       	sbc	r30, r12
    14a8:	fd 09       	sbc	r31, r13
    14aa:	ce 09       	sbc	r28, r14
    14ac:	df 09       	sbc	r29, r15
    14ae:	a0 0b       	sbc	r26, r16
    14b0:	b1 0b       	sbc	r27, r17
    14b2:	21 60       	ori	r18, 0x01	; 1
    14b4:	1a 94       	dec	r1
    14b6:	e1 f6       	brne	.-72     	; 0x1470 <__udivmod64+0x4c>
    14b8:	2e f4       	brtc	.+10     	; 0x14c4 <__udivmod64+0xa0>
    14ba:	94 01       	movw	r18, r8
    14bc:	af 01       	movw	r20, r30
    14be:	be 01       	movw	r22, r28
    14c0:	cd 01       	movw	r24, r26
    14c2:	00 0c       	add	r0, r0
    14c4:	08 95       	ret

000014c6 <__negdi2>:
    14c6:	60 95       	com	r22
    14c8:	70 95       	com	r23
    14ca:	80 95       	com	r24
    14cc:	90 95       	com	r25
    14ce:	30 95       	com	r19
    14d0:	40 95       	com	r20
    14d2:	50 95       	com	r21
    14d4:	21 95       	neg	r18
    14d6:	3f 4f       	sbci	r19, 0xFF	; 255
    14d8:	4f 4f       	sbci	r20, 0xFF	; 255
    14da:	5f 4f       	sbci	r21, 0xFF	; 255
    14dc:	6f 4f       	sbci	r22, 0xFF	; 255
    14de:	7f 4f       	sbci	r23, 0xFF	; 255
    14e0:	8f 4f       	sbci	r24, 0xFF	; 255
    14e2:	9f 4f       	sbci	r25, 0xFF	; 255
    14e4:	08 95       	ret

000014e6 <__prologue_saves__>:
    14e6:	2f 92       	push	r2
    14e8:	3f 92       	push	r3
    14ea:	4f 92       	push	r4
    14ec:	5f 92       	push	r5
    14ee:	6f 92       	push	r6
    14f0:	7f 92       	push	r7
    14f2:	8f 92       	push	r8
    14f4:	9f 92       	push	r9
    14f6:	af 92       	push	r10
    14f8:	bf 92       	push	r11
    14fa:	cf 92       	push	r12
    14fc:	df 92       	push	r13
    14fe:	ef 92       	push	r14
    1500:	ff 92       	push	r15
    1502:	0f 93       	push	r16
    1504:	1f 93       	push	r17
    1506:	cf 93       	push	r28
    1508:	df 93       	push	r29
    150a:	cd b7       	in	r28, 0x3d	; 61
    150c:	de b7       	in	r29, 0x3e	; 62
    150e:	ca 1b       	sub	r28, r26
    1510:	db 0b       	sbc	r29, r27
    1512:	0f b6       	in	r0, 0x3f	; 63
    1514:	f8 94       	cli
    1516:	de bf       	out	0x3e, r29	; 62
    1518:	0f be       	out	0x3f, r0	; 63
    151a:	cd bf       	out	0x3d, r28	; 61
    151c:	09 94       	ijmp

0000151e <__epilogue_restores__>:
    151e:	2a 88       	ldd	r2, Y+18	; 0x12
    1520:	39 88       	ldd	r3, Y+17	; 0x11
    1522:	48 88       	ldd	r4, Y+16	; 0x10
    1524:	5f 84       	ldd	r5, Y+15	; 0x0f
    1526:	6e 84       	ldd	r6, Y+14	; 0x0e
    1528:	7d 84       	ldd	r7, Y+13	; 0x0d
    152a:	8c 84       	ldd	r8, Y+12	; 0x0c
    152c:	9b 84       	ldd	r9, Y+11	; 0x0b
    152e:	aa 84       	ldd	r10, Y+10	; 0x0a
    1530:	b9 84       	ldd	r11, Y+9	; 0x09
    1532:	c8 84       	ldd	r12, Y+8	; 0x08
    1534:	df 80       	ldd	r13, Y+7	; 0x07
    1536:	ee 80       	ldd	r14, Y+6	; 0x06
    1538:	fd 80       	ldd	r15, Y+5	; 0x05
    153a:	0c 81       	ldd	r16, Y+4	; 0x04
    153c:	1b 81       	ldd	r17, Y+3	; 0x03
    153e:	aa 81       	ldd	r26, Y+2	; 0x02
    1540:	b9 81       	ldd	r27, Y+1	; 0x01
    1542:	ce 0f       	add	r28, r30
    1544:	d1 1d       	adc	r29, r1
    1546:	0f b6       	in	r0, 0x3f	; 63
    1548:	f8 94       	cli
    154a:	de bf       	out	0x3e, r29	; 62
    154c:	0f be       	out	0x3f, r0	; 63
    154e:	cd bf       	out	0x3d, r28	; 61
    1550:	ed 01       	movw	r28, r26
    1552:	08 95       	ret

00001554 <__ashldi3>:
    1554:	0f 93       	push	r16
    1556:	08 30       	cpi	r16, 0x08	; 8
    1558:	90 f0       	brcs	.+36     	; 0x157e <__ashldi3+0x2a>
    155a:	98 2f       	mov	r25, r24
    155c:	87 2f       	mov	r24, r23
    155e:	76 2f       	mov	r23, r22
    1560:	65 2f       	mov	r22, r21
    1562:	54 2f       	mov	r21, r20
    1564:	43 2f       	mov	r20, r19
    1566:	32 2f       	mov	r19, r18
    1568:	22 27       	eor	r18, r18
    156a:	08 50       	subi	r16, 0x08	; 8
    156c:	f4 cf       	rjmp	.-24     	; 0x1556 <__ashldi3+0x2>
    156e:	22 0f       	add	r18, r18
    1570:	33 1f       	adc	r19, r19
    1572:	44 1f       	adc	r20, r20
    1574:	55 1f       	adc	r21, r21
    1576:	66 1f       	adc	r22, r22
    1578:	77 1f       	adc	r23, r23
    157a:	88 1f       	adc	r24, r24
    157c:	99 1f       	adc	r25, r25
    157e:	0a 95       	dec	r16
    1580:	b2 f7       	brpl	.-20     	; 0x156e <__ashldi3+0x1a>
    1582:	0f 91       	pop	r16
    1584:	08 95       	ret

00001586 <__ashrdi3>:
    1586:	97 fb       	bst	r25, 7
    1588:	10 f8       	bld	r1, 0

0000158a <__lshrdi3>:
    158a:	16 94       	lsr	r1
    158c:	00 08       	sbc	r0, r0
    158e:	0f 93       	push	r16
    1590:	08 30       	cpi	r16, 0x08	; 8
    1592:	98 f0       	brcs	.+38     	; 0x15ba <__lshrdi3+0x30>
    1594:	08 50       	subi	r16, 0x08	; 8
    1596:	23 2f       	mov	r18, r19
    1598:	34 2f       	mov	r19, r20
    159a:	45 2f       	mov	r20, r21
    159c:	56 2f       	mov	r21, r22
    159e:	67 2f       	mov	r22, r23
    15a0:	78 2f       	mov	r23, r24
    15a2:	89 2f       	mov	r24, r25
    15a4:	90 2d       	mov	r25, r0
    15a6:	f4 cf       	rjmp	.-24     	; 0x1590 <__lshrdi3+0x6>
    15a8:	05 94       	asr	r0
    15aa:	97 95       	ror	r25
    15ac:	87 95       	ror	r24
    15ae:	77 95       	ror	r23
    15b0:	67 95       	ror	r22
    15b2:	57 95       	ror	r21
    15b4:	47 95       	ror	r20
    15b6:	37 95       	ror	r19
    15b8:	27 95       	ror	r18
    15ba:	0a 95       	dec	r16
    15bc:	aa f7       	brpl	.-22     	; 0x15a8 <__lshrdi3+0x1e>
    15be:	0f 91       	pop	r16
    15c0:	08 95       	ret

000015c2 <__adddi3>:
    15c2:	2a 0d       	add	r18, r10
    15c4:	3b 1d       	adc	r19, r11
    15c6:	4c 1d       	adc	r20, r12
    15c8:	5d 1d       	adc	r21, r13
    15ca:	6e 1d       	adc	r22, r14
    15cc:	7f 1d       	adc	r23, r15
    15ce:	80 1f       	adc	r24, r16
    15d0:	91 1f       	adc	r25, r17
    15d2:	08 95       	ret

000015d4 <__subdi3>:
    15d4:	2a 19       	sub	r18, r10
    15d6:	3b 09       	sbc	r19, r11
    15d8:	4c 09       	sbc	r20, r12
    15da:	5d 09       	sbc	r21, r13
    15dc:	6e 09       	sbc	r22, r14
    15de:	7f 09       	sbc	r23, r15
    15e0:	80 0b       	sbc	r24, r16
    15e2:	91 0b       	sbc	r25, r17
    15e4:	08 95       	ret

000015e6 <__cmpdi2_s8>:
    15e6:	00 24       	eor	r0, r0
    15e8:	a7 fd       	sbrc	r26, 7
    15ea:	00 94       	com	r0
    15ec:	2a 17       	cp	r18, r26
    15ee:	30 05       	cpc	r19, r0
    15f0:	40 05       	cpc	r20, r0
    15f2:	50 05       	cpc	r21, r0
    15f4:	60 05       	cpc	r22, r0
    15f6:	70 05       	cpc	r23, r0
    15f8:	80 05       	cpc	r24, r0
    15fa:	90 05       	cpc	r25, r0
    15fc:	08 95       	ret

000015fe <__umulhisi3>:
    15fe:	a2 9f       	mul	r26, r18
    1600:	b0 01       	movw	r22, r0
    1602:	b3 9f       	mul	r27, r19
    1604:	c0 01       	movw	r24, r0
    1606:	a3 9f       	mul	r26, r19
    1608:	70 0d       	add	r23, r0
    160a:	81 1d       	adc	r24, r1
    160c:	11 24       	eor	r1, r1
    160e:	91 1d       	adc	r25, r1
    1610:	b2 9f       	mul	r27, r18
    1612:	70 0d       	add	r23, r0
    1614:	81 1d       	adc	r24, r1
    1616:	11 24       	eor	r1, r1
    1618:	91 1d       	adc	r25, r1
    161a:	08 95       	ret

0000161c <dtostrf>:
    161c:	ef 92       	push	r14
    161e:	0f 93       	push	r16
    1620:	1f 93       	push	r17
    1622:	cf 93       	push	r28
    1624:	df 93       	push	r29
    1626:	e8 01       	movw	r28, r16
    1628:	47 fd       	sbrc	r20, 7
    162a:	02 c0       	rjmp	.+4      	; 0x1630 <dtostrf+0x14>
    162c:	34 e0       	ldi	r19, 0x04	; 4
    162e:	01 c0       	rjmp	.+2      	; 0x1632 <dtostrf+0x16>
    1630:	34 e1       	ldi	r19, 0x14	; 20
    1632:	04 2e       	mov	r0, r20
    1634:	00 0c       	add	r0, r0
    1636:	55 0b       	sbc	r21, r21
    1638:	57 ff       	sbrs	r21, 7
    163a:	03 c0       	rjmp	.+6      	; 0x1642 <dtostrf+0x26>
    163c:	51 95       	neg	r21
    163e:	41 95       	neg	r20
    1640:	51 09       	sbc	r21, r1
    1642:	e3 2e       	mov	r14, r19
    1644:	02 2f       	mov	r16, r18
    1646:	24 2f       	mov	r18, r20
    1648:	ae 01       	movw	r20, r28
    164a:	0e 94 2e 0b 	call	0x165c	; 0x165c <dtoa_prf>
    164e:	ce 01       	movw	r24, r28
    1650:	df 91       	pop	r29
    1652:	cf 91       	pop	r28
    1654:	1f 91       	pop	r17
    1656:	0f 91       	pop	r16
    1658:	ef 90       	pop	r14
    165a:	08 95       	ret

0000165c <dtoa_prf>:
    165c:	a9 e0       	ldi	r26, 0x09	; 9
    165e:	b0 e0       	ldi	r27, 0x00	; 0
    1660:	e4 e3       	ldi	r30, 0x34	; 52
    1662:	fb e0       	ldi	r31, 0x0B	; 11
    1664:	0c 94 79 0a 	jmp	0x14f2	; 0x14f2 <__prologue_saves__+0xc>
    1668:	6a 01       	movw	r12, r20
    166a:	12 2f       	mov	r17, r18
    166c:	b0 2e       	mov	r11, r16
    166e:	2b e3       	ldi	r18, 0x3B	; 59
    1670:	20 17       	cp	r18, r16
    1672:	20 f0       	brcs	.+8      	; 0x167c <dtoa_prf+0x20>
    1674:	ff 24       	eor	r15, r15
    1676:	f3 94       	inc	r15
    1678:	f0 0e       	add	r15, r16
    167a:	02 c0       	rjmp	.+4      	; 0x1680 <dtoa_prf+0x24>
    167c:	2c e3       	ldi	r18, 0x3C	; 60
    167e:	f2 2e       	mov	r15, r18
    1680:	0f 2d       	mov	r16, r15
    1682:	27 e0       	ldi	r18, 0x07	; 7
    1684:	ae 01       	movw	r20, r28
    1686:	4f 5f       	subi	r20, 0xFF	; 255
    1688:	5f 4f       	sbci	r21, 0xFF	; 255
    168a:	0e 94 88 0c 	call	0x1910	; 0x1910 <__ftoa_engine>
    168e:	bc 01       	movw	r22, r24
    1690:	49 81       	ldd	r20, Y+1	; 0x01
    1692:	84 2f       	mov	r24, r20
    1694:	89 70       	andi	r24, 0x09	; 9
    1696:	81 30       	cpi	r24, 0x01	; 1
    1698:	31 f0       	breq	.+12     	; 0x16a6 <dtoa_prf+0x4a>
    169a:	e1 fc       	sbrc	r14, 1
    169c:	06 c0       	rjmp	.+12     	; 0x16aa <dtoa_prf+0x4e>
    169e:	e0 fe       	sbrs	r14, 0
    16a0:	06 c0       	rjmp	.+12     	; 0x16ae <dtoa_prf+0x52>
    16a2:	90 e2       	ldi	r25, 0x20	; 32
    16a4:	05 c0       	rjmp	.+10     	; 0x16b0 <dtoa_prf+0x54>
    16a6:	9d e2       	ldi	r25, 0x2D	; 45
    16a8:	03 c0       	rjmp	.+6      	; 0x16b0 <dtoa_prf+0x54>
    16aa:	9b e2       	ldi	r25, 0x2B	; 43
    16ac:	01 c0       	rjmp	.+2      	; 0x16b0 <dtoa_prf+0x54>
    16ae:	90 e0       	ldi	r25, 0x00	; 0
    16b0:	5e 2d       	mov	r21, r14
    16b2:	50 71       	andi	r21, 0x10	; 16
    16b4:	43 ff       	sbrs	r20, 3
    16b6:	3c c0       	rjmp	.+120    	; 0x1730 <dtoa_prf+0xd4>
    16b8:	91 11       	cpse	r25, r1
    16ba:	02 c0       	rjmp	.+4      	; 0x16c0 <dtoa_prf+0x64>
    16bc:	83 e0       	ldi	r24, 0x03	; 3
    16be:	01 c0       	rjmp	.+2      	; 0x16c2 <dtoa_prf+0x66>
    16c0:	84 e0       	ldi	r24, 0x04	; 4
    16c2:	81 17       	cp	r24, r17
    16c4:	18 f4       	brcc	.+6      	; 0x16cc <dtoa_prf+0x70>
    16c6:	21 2f       	mov	r18, r17
    16c8:	28 1b       	sub	r18, r24
    16ca:	01 c0       	rjmp	.+2      	; 0x16ce <dtoa_prf+0x72>
    16cc:	20 e0       	ldi	r18, 0x00	; 0
    16ce:	51 11       	cpse	r21, r1
    16d0:	0b c0       	rjmp	.+22     	; 0x16e8 <dtoa_prf+0x8c>
    16d2:	f6 01       	movw	r30, r12
    16d4:	82 2f       	mov	r24, r18
    16d6:	30 e2       	ldi	r19, 0x20	; 32
    16d8:	88 23       	and	r24, r24
    16da:	19 f0       	breq	.+6      	; 0x16e2 <dtoa_prf+0x86>
    16dc:	31 93       	st	Z+, r19
    16de:	81 50       	subi	r24, 0x01	; 1
    16e0:	fb cf       	rjmp	.-10     	; 0x16d8 <dtoa_prf+0x7c>
    16e2:	c2 0e       	add	r12, r18
    16e4:	d1 1c       	adc	r13, r1
    16e6:	20 e0       	ldi	r18, 0x00	; 0
    16e8:	99 23       	and	r25, r25
    16ea:	29 f0       	breq	.+10     	; 0x16f6 <dtoa_prf+0x9a>
    16ec:	d6 01       	movw	r26, r12
    16ee:	9c 93       	st	X, r25
    16f0:	f6 01       	movw	r30, r12
    16f2:	31 96       	adiw	r30, 0x01	; 1
    16f4:	6f 01       	movw	r12, r30
    16f6:	c6 01       	movw	r24, r12
    16f8:	03 96       	adiw	r24, 0x03	; 3
    16fa:	e2 fe       	sbrs	r14, 2
    16fc:	0a c0       	rjmp	.+20     	; 0x1712 <dtoa_prf+0xb6>
    16fe:	3e e4       	ldi	r19, 0x4E	; 78
    1700:	d6 01       	movw	r26, r12
    1702:	3c 93       	st	X, r19
    1704:	41 e4       	ldi	r20, 0x41	; 65
    1706:	11 96       	adiw	r26, 0x01	; 1
    1708:	4c 93       	st	X, r20
    170a:	11 97       	sbiw	r26, 0x01	; 1
    170c:	12 96       	adiw	r26, 0x02	; 2
    170e:	3c 93       	st	X, r19
    1710:	06 c0       	rjmp	.+12     	; 0x171e <dtoa_prf+0xc2>
    1712:	3e e6       	ldi	r19, 0x6E	; 110
    1714:	f6 01       	movw	r30, r12
    1716:	30 83       	st	Z, r19
    1718:	41 e6       	ldi	r20, 0x61	; 97
    171a:	41 83       	std	Z+1, r20	; 0x01
    171c:	32 83       	std	Z+2, r19	; 0x02
    171e:	fc 01       	movw	r30, r24
    1720:	32 2f       	mov	r19, r18
    1722:	40 e2       	ldi	r20, 0x20	; 32
    1724:	33 23       	and	r19, r19
    1726:	09 f4       	brne	.+2      	; 0x172a <dtoa_prf+0xce>
    1728:	42 c0       	rjmp	.+132    	; 0x17ae <dtoa_prf+0x152>
    172a:	41 93       	st	Z+, r20
    172c:	31 50       	subi	r19, 0x01	; 1
    172e:	fa cf       	rjmp	.-12     	; 0x1724 <dtoa_prf+0xc8>
    1730:	42 ff       	sbrs	r20, 2
    1732:	44 c0       	rjmp	.+136    	; 0x17bc <dtoa_prf+0x160>
    1734:	91 11       	cpse	r25, r1
    1736:	02 c0       	rjmp	.+4      	; 0x173c <dtoa_prf+0xe0>
    1738:	83 e0       	ldi	r24, 0x03	; 3
    173a:	01 c0       	rjmp	.+2      	; 0x173e <dtoa_prf+0xe2>
    173c:	84 e0       	ldi	r24, 0x04	; 4
    173e:	81 17       	cp	r24, r17
    1740:	18 f4       	brcc	.+6      	; 0x1748 <dtoa_prf+0xec>
    1742:	21 2f       	mov	r18, r17
    1744:	28 1b       	sub	r18, r24
    1746:	01 c0       	rjmp	.+2      	; 0x174a <dtoa_prf+0xee>
    1748:	20 e0       	ldi	r18, 0x00	; 0
    174a:	51 11       	cpse	r21, r1
    174c:	0b c0       	rjmp	.+22     	; 0x1764 <dtoa_prf+0x108>
    174e:	f6 01       	movw	r30, r12
    1750:	82 2f       	mov	r24, r18
    1752:	30 e2       	ldi	r19, 0x20	; 32
    1754:	88 23       	and	r24, r24
    1756:	19 f0       	breq	.+6      	; 0x175e <dtoa_prf+0x102>
    1758:	31 93       	st	Z+, r19
    175a:	81 50       	subi	r24, 0x01	; 1
    175c:	fb cf       	rjmp	.-10     	; 0x1754 <dtoa_prf+0xf8>
    175e:	c2 0e       	add	r12, r18
    1760:	d1 1c       	adc	r13, r1
    1762:	20 e0       	ldi	r18, 0x00	; 0
    1764:	99 23       	and	r25, r25
    1766:	29 f0       	breq	.+10     	; 0x1772 <dtoa_prf+0x116>
    1768:	d6 01       	movw	r26, r12
    176a:	9c 93       	st	X, r25
    176c:	f6 01       	movw	r30, r12
    176e:	31 96       	adiw	r30, 0x01	; 1
    1770:	6f 01       	movw	r12, r30
    1772:	c6 01       	movw	r24, r12
    1774:	03 96       	adiw	r24, 0x03	; 3
    1776:	e2 fe       	sbrs	r14, 2
    1778:	0b c0       	rjmp	.+22     	; 0x1790 <dtoa_prf+0x134>
    177a:	39 e4       	ldi	r19, 0x49	; 73
    177c:	d6 01       	movw	r26, r12
    177e:	3c 93       	st	X, r19
    1780:	3e e4       	ldi	r19, 0x4E	; 78
    1782:	11 96       	adiw	r26, 0x01	; 1
    1784:	3c 93       	st	X, r19
    1786:	11 97       	sbiw	r26, 0x01	; 1
    1788:	36 e4       	ldi	r19, 0x46	; 70
    178a:	12 96       	adiw	r26, 0x02	; 2
    178c:	3c 93       	st	X, r19
    178e:	07 c0       	rjmp	.+14     	; 0x179e <dtoa_prf+0x142>
    1790:	39 e6       	ldi	r19, 0x69	; 105
    1792:	f6 01       	movw	r30, r12
    1794:	30 83       	st	Z, r19
    1796:	3e e6       	ldi	r19, 0x6E	; 110
    1798:	31 83       	std	Z+1, r19	; 0x01
    179a:	36 e6       	ldi	r19, 0x66	; 102
    179c:	32 83       	std	Z+2, r19	; 0x02
    179e:	fc 01       	movw	r30, r24
    17a0:	32 2f       	mov	r19, r18
    17a2:	40 e2       	ldi	r20, 0x20	; 32
    17a4:	33 23       	and	r19, r19
    17a6:	19 f0       	breq	.+6      	; 0x17ae <dtoa_prf+0x152>
    17a8:	41 93       	st	Z+, r20
    17aa:	31 50       	subi	r19, 0x01	; 1
    17ac:	fb cf       	rjmp	.-10     	; 0x17a4 <dtoa_prf+0x148>
    17ae:	fc 01       	movw	r30, r24
    17b0:	e2 0f       	add	r30, r18
    17b2:	f1 1d       	adc	r31, r1
    17b4:	10 82       	st	Z, r1
    17b6:	8e ef       	ldi	r24, 0xFE	; 254
    17b8:	9f ef       	ldi	r25, 0xFF	; 255
    17ba:	a6 c0       	rjmp	.+332    	; 0x1908 <dtoa_prf+0x2ac>
    17bc:	21 e0       	ldi	r18, 0x01	; 1
    17be:	30 e0       	ldi	r19, 0x00	; 0
    17c0:	91 11       	cpse	r25, r1
    17c2:	02 c0       	rjmp	.+4      	; 0x17c8 <dtoa_prf+0x16c>
    17c4:	20 e0       	ldi	r18, 0x00	; 0
    17c6:	30 e0       	ldi	r19, 0x00	; 0
    17c8:	16 16       	cp	r1, r22
    17ca:	17 06       	cpc	r1, r23
    17cc:	1c f4       	brge	.+6      	; 0x17d4 <dtoa_prf+0x178>
    17ce:	fb 01       	movw	r30, r22
    17d0:	31 96       	adiw	r30, 0x01	; 1
    17d2:	02 c0       	rjmp	.+4      	; 0x17d8 <dtoa_prf+0x17c>
    17d4:	e1 e0       	ldi	r30, 0x01	; 1
    17d6:	f0 e0       	ldi	r31, 0x00	; 0
    17d8:	2e 0f       	add	r18, r30
    17da:	3f 1f       	adc	r19, r31
    17dc:	bb 20       	and	r11, r11
    17de:	21 f0       	breq	.+8      	; 0x17e8 <dtoa_prf+0x18c>
    17e0:	eb 2d       	mov	r30, r11
    17e2:	f0 e0       	ldi	r31, 0x00	; 0
    17e4:	31 96       	adiw	r30, 0x01	; 1
    17e6:	02 c0       	rjmp	.+4      	; 0x17ec <dtoa_prf+0x190>
    17e8:	e0 e0       	ldi	r30, 0x00	; 0
    17ea:	f0 e0       	ldi	r31, 0x00	; 0
    17ec:	2e 0f       	add	r18, r30
    17ee:	3f 1f       	adc	r19, r31
    17f0:	e1 2f       	mov	r30, r17
    17f2:	f0 e0       	ldi	r31, 0x00	; 0
    17f4:	2e 17       	cp	r18, r30
    17f6:	3f 07       	cpc	r19, r31
    17f8:	1c f4       	brge	.+6      	; 0x1800 <dtoa_prf+0x1a4>
    17fa:	12 1b       	sub	r17, r18
    17fc:	21 2f       	mov	r18, r17
    17fe:	01 c0       	rjmp	.+2      	; 0x1802 <dtoa_prf+0x1a6>
    1800:	20 e0       	ldi	r18, 0x00	; 0
    1802:	8e 2d       	mov	r24, r14
    1804:	88 71       	andi	r24, 0x18	; 24
    1806:	59 f4       	brne	.+22     	; 0x181e <dtoa_prf+0x1c2>
    1808:	f6 01       	movw	r30, r12
    180a:	82 2f       	mov	r24, r18
    180c:	30 e2       	ldi	r19, 0x20	; 32
    180e:	88 23       	and	r24, r24
    1810:	19 f0       	breq	.+6      	; 0x1818 <dtoa_prf+0x1bc>
    1812:	31 93       	st	Z+, r19
    1814:	81 50       	subi	r24, 0x01	; 1
    1816:	fb cf       	rjmp	.-10     	; 0x180e <dtoa_prf+0x1b2>
    1818:	c2 0e       	add	r12, r18
    181a:	d1 1c       	adc	r13, r1
    181c:	20 e0       	ldi	r18, 0x00	; 0
    181e:	99 23       	and	r25, r25
    1820:	29 f0       	breq	.+10     	; 0x182c <dtoa_prf+0x1d0>
    1822:	d6 01       	movw	r26, r12
    1824:	9c 93       	st	X, r25
    1826:	f6 01       	movw	r30, r12
    1828:	31 96       	adiw	r30, 0x01	; 1
    182a:	6f 01       	movw	r12, r30
    182c:	51 11       	cpse	r21, r1
    182e:	0b c0       	rjmp	.+22     	; 0x1846 <dtoa_prf+0x1ea>
    1830:	f6 01       	movw	r30, r12
    1832:	82 2f       	mov	r24, r18
    1834:	90 e3       	ldi	r25, 0x30	; 48
    1836:	88 23       	and	r24, r24
    1838:	19 f0       	breq	.+6      	; 0x1840 <dtoa_prf+0x1e4>
    183a:	91 93       	st	Z+, r25
    183c:	81 50       	subi	r24, 0x01	; 1
    183e:	fb cf       	rjmp	.-10     	; 0x1836 <dtoa_prf+0x1da>
    1840:	c2 0e       	add	r12, r18
    1842:	d1 1c       	adc	r13, r1
    1844:	20 e0       	ldi	r18, 0x00	; 0
    1846:	0f 2d       	mov	r16, r15
    1848:	06 0f       	add	r16, r22
    184a:	9a 81       	ldd	r25, Y+2	; 0x02
    184c:	34 2f       	mov	r19, r20
    184e:	30 71       	andi	r19, 0x10	; 16
    1850:	44 ff       	sbrs	r20, 4
    1852:	03 c0       	rjmp	.+6      	; 0x185a <dtoa_prf+0x1fe>
    1854:	91 33       	cpi	r25, 0x31	; 49
    1856:	09 f4       	brne	.+2      	; 0x185a <dtoa_prf+0x1fe>
    1858:	01 50       	subi	r16, 0x01	; 1
    185a:	10 16       	cp	r1, r16
    185c:	24 f4       	brge	.+8      	; 0x1866 <dtoa_prf+0x20a>
    185e:	09 30       	cpi	r16, 0x09	; 9
    1860:	18 f0       	brcs	.+6      	; 0x1868 <dtoa_prf+0x20c>
    1862:	08 e0       	ldi	r16, 0x08	; 8
    1864:	01 c0       	rjmp	.+2      	; 0x1868 <dtoa_prf+0x20c>
    1866:	01 e0       	ldi	r16, 0x01	; 1
    1868:	ab 01       	movw	r20, r22
    186a:	77 ff       	sbrs	r23, 7
    186c:	02 c0       	rjmp	.+4      	; 0x1872 <dtoa_prf+0x216>
    186e:	40 e0       	ldi	r20, 0x00	; 0
    1870:	50 e0       	ldi	r21, 0x00	; 0
    1872:	fb 01       	movw	r30, r22
    1874:	e4 1b       	sub	r30, r20
    1876:	f5 0b       	sbc	r31, r21
    1878:	a1 e0       	ldi	r26, 0x01	; 1
    187a:	b0 e0       	ldi	r27, 0x00	; 0
    187c:	ac 0f       	add	r26, r28
    187e:	bd 1f       	adc	r27, r29
    1880:	ea 0f       	add	r30, r26
    1882:	fb 1f       	adc	r31, r27
    1884:	8e e2       	ldi	r24, 0x2E	; 46
    1886:	a8 2e       	mov	r10, r24
    1888:	4b 01       	movw	r8, r22
    188a:	80 1a       	sub	r8, r16
    188c:	91 08       	sbc	r9, r1
    188e:	0b 2d       	mov	r16, r11
    1890:	10 e0       	ldi	r17, 0x00	; 0
    1892:	11 95       	neg	r17
    1894:	01 95       	neg	r16
    1896:	11 09       	sbc	r17, r1
    1898:	4f 3f       	cpi	r20, 0xFF	; 255
    189a:	bf ef       	ldi	r27, 0xFF	; 255
    189c:	5b 07       	cpc	r21, r27
    189e:	21 f4       	brne	.+8      	; 0x18a8 <dtoa_prf+0x24c>
    18a0:	d6 01       	movw	r26, r12
    18a2:	ac 92       	st	X, r10
    18a4:	11 96       	adiw	r26, 0x01	; 1
    18a6:	6d 01       	movw	r12, r26
    18a8:	64 17       	cp	r22, r20
    18aa:	75 07       	cpc	r23, r21
    18ac:	2c f0       	brlt	.+10     	; 0x18b8 <dtoa_prf+0x25c>
    18ae:	84 16       	cp	r8, r20
    18b0:	95 06       	cpc	r9, r21
    18b2:	14 f4       	brge	.+4      	; 0x18b8 <dtoa_prf+0x25c>
    18b4:	81 81       	ldd	r24, Z+1	; 0x01
    18b6:	01 c0       	rjmp	.+2      	; 0x18ba <dtoa_prf+0x25e>
    18b8:	80 e3       	ldi	r24, 0x30	; 48
    18ba:	41 50       	subi	r20, 0x01	; 1
    18bc:	51 09       	sbc	r21, r1
    18be:	31 96       	adiw	r30, 0x01	; 1
    18c0:	d6 01       	movw	r26, r12
    18c2:	11 96       	adiw	r26, 0x01	; 1
    18c4:	7d 01       	movw	r14, r26
    18c6:	40 17       	cp	r20, r16
    18c8:	51 07       	cpc	r21, r17
    18ca:	24 f0       	brlt	.+8      	; 0x18d4 <dtoa_prf+0x278>
    18cc:	d6 01       	movw	r26, r12
    18ce:	8c 93       	st	X, r24
    18d0:	67 01       	movw	r12, r14
    18d2:	e2 cf       	rjmp	.-60     	; 0x1898 <dtoa_prf+0x23c>
    18d4:	64 17       	cp	r22, r20
    18d6:	75 07       	cpc	r23, r21
    18d8:	39 f4       	brne	.+14     	; 0x18e8 <dtoa_prf+0x28c>
    18da:	96 33       	cpi	r25, 0x36	; 54
    18dc:	20 f4       	brcc	.+8      	; 0x18e6 <dtoa_prf+0x28a>
    18de:	95 33       	cpi	r25, 0x35	; 53
    18e0:	19 f4       	brne	.+6      	; 0x18e8 <dtoa_prf+0x28c>
    18e2:	31 11       	cpse	r19, r1
    18e4:	01 c0       	rjmp	.+2      	; 0x18e8 <dtoa_prf+0x28c>
    18e6:	81 e3       	ldi	r24, 0x31	; 49
    18e8:	f6 01       	movw	r30, r12
    18ea:	80 83       	st	Z, r24
    18ec:	f7 01       	movw	r30, r14
    18ee:	82 2f       	mov	r24, r18
    18f0:	90 e2       	ldi	r25, 0x20	; 32
    18f2:	88 23       	and	r24, r24
    18f4:	19 f0       	breq	.+6      	; 0x18fc <dtoa_prf+0x2a0>
    18f6:	91 93       	st	Z+, r25
    18f8:	81 50       	subi	r24, 0x01	; 1
    18fa:	fb cf       	rjmp	.-10     	; 0x18f2 <dtoa_prf+0x296>
    18fc:	f7 01       	movw	r30, r14
    18fe:	e2 0f       	add	r30, r18
    1900:	f1 1d       	adc	r31, r1
    1902:	10 82       	st	Z, r1
    1904:	80 e0       	ldi	r24, 0x00	; 0
    1906:	90 e0       	ldi	r25, 0x00	; 0
    1908:	29 96       	adiw	r28, 0x09	; 9
    190a:	ec e0       	ldi	r30, 0x0C	; 12
    190c:	0c 94 95 0a 	jmp	0x152a	; 0x152a <__epilogue_restores__+0xc>

00001910 <__ftoa_engine>:
    1910:	28 30       	cpi	r18, 0x08	; 8
    1912:	08 f0       	brcs	.+2      	; 0x1916 <__ftoa_engine+0x6>
    1914:	27 e0       	ldi	r18, 0x07	; 7
    1916:	33 27       	eor	r19, r19
    1918:	da 01       	movw	r26, r20
    191a:	99 0f       	add	r25, r25
    191c:	31 1d       	adc	r19, r1
    191e:	87 fd       	sbrc	r24, 7
    1920:	91 60       	ori	r25, 0x01	; 1
    1922:	00 96       	adiw	r24, 0x00	; 0
    1924:	61 05       	cpc	r22, r1
    1926:	71 05       	cpc	r23, r1
    1928:	39 f4       	brne	.+14     	; 0x1938 <__ftoa_engine+0x28>
    192a:	32 60       	ori	r19, 0x02	; 2
    192c:	2e 5f       	subi	r18, 0xFE	; 254
    192e:	3d 93       	st	X+, r19
    1930:	30 e3       	ldi	r19, 0x30	; 48
    1932:	2a 95       	dec	r18
    1934:	e1 f7       	brne	.-8      	; 0x192e <__ftoa_engine+0x1e>
    1936:	08 95       	ret
    1938:	9f 3f       	cpi	r25, 0xFF	; 255
    193a:	30 f0       	brcs	.+12     	; 0x1948 <__ftoa_engine+0x38>
    193c:	80 38       	cpi	r24, 0x80	; 128
    193e:	71 05       	cpc	r23, r1
    1940:	61 05       	cpc	r22, r1
    1942:	09 f0       	breq	.+2      	; 0x1946 <__ftoa_engine+0x36>
    1944:	3c 5f       	subi	r19, 0xFC	; 252
    1946:	3c 5f       	subi	r19, 0xFC	; 252
    1948:	3d 93       	st	X+, r19
    194a:	91 30       	cpi	r25, 0x01	; 1
    194c:	08 f0       	brcs	.+2      	; 0x1950 <__ftoa_engine+0x40>
    194e:	80 68       	ori	r24, 0x80	; 128
    1950:	91 1d       	adc	r25, r1
    1952:	df 93       	push	r29
    1954:	cf 93       	push	r28
    1956:	1f 93       	push	r17
    1958:	0f 93       	push	r16
    195a:	ff 92       	push	r15
    195c:	ef 92       	push	r14
    195e:	19 2f       	mov	r17, r25
    1960:	98 7f       	andi	r25, 0xF8	; 248
    1962:	96 95       	lsr	r25
    1964:	e9 2f       	mov	r30, r25
    1966:	96 95       	lsr	r25
    1968:	96 95       	lsr	r25
    196a:	e9 0f       	add	r30, r25
    196c:	ff 27       	eor	r31, r31
    196e:	ea 5c       	subi	r30, 0xCA	; 202
    1970:	fe 4f       	sbci	r31, 0xFE	; 254
    1972:	99 27       	eor	r25, r25
    1974:	33 27       	eor	r19, r19
    1976:	ee 24       	eor	r14, r14
    1978:	ff 24       	eor	r15, r15
    197a:	a7 01       	movw	r20, r14
    197c:	e7 01       	movw	r28, r14
    197e:	05 90       	lpm	r0, Z+
    1980:	08 94       	sec
    1982:	07 94       	ror	r0
    1984:	28 f4       	brcc	.+10     	; 0x1990 <__ftoa_engine+0x80>
    1986:	36 0f       	add	r19, r22
    1988:	e7 1e       	adc	r14, r23
    198a:	f8 1e       	adc	r15, r24
    198c:	49 1f       	adc	r20, r25
    198e:	51 1d       	adc	r21, r1
    1990:	66 0f       	add	r22, r22
    1992:	77 1f       	adc	r23, r23
    1994:	88 1f       	adc	r24, r24
    1996:	99 1f       	adc	r25, r25
    1998:	06 94       	lsr	r0
    199a:	a1 f7       	brne	.-24     	; 0x1984 <__ftoa_engine+0x74>
    199c:	05 90       	lpm	r0, Z+
    199e:	07 94       	ror	r0
    19a0:	28 f4       	brcc	.+10     	; 0x19ac <__ftoa_engine+0x9c>
    19a2:	e7 0e       	add	r14, r23
    19a4:	f8 1e       	adc	r15, r24
    19a6:	49 1f       	adc	r20, r25
    19a8:	56 1f       	adc	r21, r22
    19aa:	c1 1d       	adc	r28, r1
    19ac:	77 0f       	add	r23, r23
    19ae:	88 1f       	adc	r24, r24
    19b0:	99 1f       	adc	r25, r25
    19b2:	66 1f       	adc	r22, r22
    19b4:	06 94       	lsr	r0
    19b6:	a1 f7       	brne	.-24     	; 0x19a0 <__ftoa_engine+0x90>
    19b8:	05 90       	lpm	r0, Z+
    19ba:	07 94       	ror	r0
    19bc:	28 f4       	brcc	.+10     	; 0x19c8 <__ftoa_engine+0xb8>
    19be:	f8 0e       	add	r15, r24
    19c0:	49 1f       	adc	r20, r25
    19c2:	56 1f       	adc	r21, r22
    19c4:	c7 1f       	adc	r28, r23
    19c6:	d1 1d       	adc	r29, r1
    19c8:	88 0f       	add	r24, r24
    19ca:	99 1f       	adc	r25, r25
    19cc:	66 1f       	adc	r22, r22
    19ce:	77 1f       	adc	r23, r23
    19d0:	06 94       	lsr	r0
    19d2:	a1 f7       	brne	.-24     	; 0x19bc <__ftoa_engine+0xac>
    19d4:	05 90       	lpm	r0, Z+
    19d6:	07 94       	ror	r0
    19d8:	20 f4       	brcc	.+8      	; 0x19e2 <__ftoa_engine+0xd2>
    19da:	49 0f       	add	r20, r25
    19dc:	56 1f       	adc	r21, r22
    19de:	c7 1f       	adc	r28, r23
    19e0:	d8 1f       	adc	r29, r24
    19e2:	99 0f       	add	r25, r25
    19e4:	66 1f       	adc	r22, r22
    19e6:	77 1f       	adc	r23, r23
    19e8:	88 1f       	adc	r24, r24
    19ea:	06 94       	lsr	r0
    19ec:	a9 f7       	brne	.-22     	; 0x19d8 <__ftoa_engine+0xc8>
    19ee:	84 91       	lpm	r24, Z
    19f0:	10 95       	com	r17
    19f2:	17 70       	andi	r17, 0x07	; 7
    19f4:	41 f0       	breq	.+16     	; 0x1a06 <__ftoa_engine+0xf6>
    19f6:	d6 95       	lsr	r29
    19f8:	c7 95       	ror	r28
    19fa:	57 95       	ror	r21
    19fc:	47 95       	ror	r20
    19fe:	f7 94       	ror	r15
    1a00:	e7 94       	ror	r14
    1a02:	1a 95       	dec	r17
    1a04:	c1 f7       	brne	.-16     	; 0x19f6 <__ftoa_engine+0xe6>
    1a06:	ec ed       	ldi	r30, 0xDC	; 220
    1a08:	f0 e0       	ldi	r31, 0x00	; 0
    1a0a:	68 94       	set
    1a0c:	15 90       	lpm	r1, Z+
    1a0e:	15 91       	lpm	r17, Z+
    1a10:	35 91       	lpm	r19, Z+
    1a12:	65 91       	lpm	r22, Z+
    1a14:	95 91       	lpm	r25, Z+
    1a16:	05 90       	lpm	r0, Z+
    1a18:	7f e2       	ldi	r23, 0x2F	; 47
    1a1a:	73 95       	inc	r23
    1a1c:	e1 18       	sub	r14, r1
    1a1e:	f1 0a       	sbc	r15, r17
    1a20:	43 0b       	sbc	r20, r19
    1a22:	56 0b       	sbc	r21, r22
    1a24:	c9 0b       	sbc	r28, r25
    1a26:	d0 09       	sbc	r29, r0
    1a28:	c0 f7       	brcc	.-16     	; 0x1a1a <__ftoa_engine+0x10a>
    1a2a:	e1 0c       	add	r14, r1
    1a2c:	f1 1e       	adc	r15, r17
    1a2e:	43 1f       	adc	r20, r19
    1a30:	56 1f       	adc	r21, r22
    1a32:	c9 1f       	adc	r28, r25
    1a34:	d0 1d       	adc	r29, r0
    1a36:	7e f4       	brtc	.+30     	; 0x1a56 <__ftoa_engine+0x146>
    1a38:	70 33       	cpi	r23, 0x30	; 48
    1a3a:	11 f4       	brne	.+4      	; 0x1a40 <__ftoa_engine+0x130>
    1a3c:	8a 95       	dec	r24
    1a3e:	e6 cf       	rjmp	.-52     	; 0x1a0c <__ftoa_engine+0xfc>
    1a40:	e8 94       	clt
    1a42:	01 50       	subi	r16, 0x01	; 1
    1a44:	30 f0       	brcs	.+12     	; 0x1a52 <__ftoa_engine+0x142>
    1a46:	08 0f       	add	r16, r24
    1a48:	0a f4       	brpl	.+2      	; 0x1a4c <__ftoa_engine+0x13c>
    1a4a:	00 27       	eor	r16, r16
    1a4c:	02 17       	cp	r16, r18
    1a4e:	08 f4       	brcc	.+2      	; 0x1a52 <__ftoa_engine+0x142>
    1a50:	20 2f       	mov	r18, r16
    1a52:	23 95       	inc	r18
    1a54:	02 2f       	mov	r16, r18
    1a56:	7a 33       	cpi	r23, 0x3A	; 58
    1a58:	28 f0       	brcs	.+10     	; 0x1a64 <__ftoa_engine+0x154>
    1a5a:	79 e3       	ldi	r23, 0x39	; 57
    1a5c:	7d 93       	st	X+, r23
    1a5e:	2a 95       	dec	r18
    1a60:	e9 f7       	brne	.-6      	; 0x1a5c <__ftoa_engine+0x14c>
    1a62:	10 c0       	rjmp	.+32     	; 0x1a84 <__ftoa_engine+0x174>
    1a64:	7d 93       	st	X+, r23
    1a66:	2a 95       	dec	r18
    1a68:	89 f6       	brne	.-94     	; 0x1a0c <__ftoa_engine+0xfc>
    1a6a:	06 94       	lsr	r0
    1a6c:	97 95       	ror	r25
    1a6e:	67 95       	ror	r22
    1a70:	37 95       	ror	r19
    1a72:	17 95       	ror	r17
    1a74:	17 94       	ror	r1
    1a76:	e1 18       	sub	r14, r1
    1a78:	f1 0a       	sbc	r15, r17
    1a7a:	43 0b       	sbc	r20, r19
    1a7c:	56 0b       	sbc	r21, r22
    1a7e:	c9 0b       	sbc	r28, r25
    1a80:	d0 09       	sbc	r29, r0
    1a82:	98 f0       	brcs	.+38     	; 0x1aaa <__ftoa_engine+0x19a>
    1a84:	23 95       	inc	r18
    1a86:	7e 91       	ld	r23, -X
    1a88:	73 95       	inc	r23
    1a8a:	7a 33       	cpi	r23, 0x3A	; 58
    1a8c:	08 f0       	brcs	.+2      	; 0x1a90 <__ftoa_engine+0x180>
    1a8e:	70 e3       	ldi	r23, 0x30	; 48
    1a90:	7c 93       	st	X, r23
    1a92:	20 13       	cpse	r18, r16
    1a94:	b8 f7       	brcc	.-18     	; 0x1a84 <__ftoa_engine+0x174>
    1a96:	7e 91       	ld	r23, -X
    1a98:	70 61       	ori	r23, 0x10	; 16
    1a9a:	7d 93       	st	X+, r23
    1a9c:	30 f0       	brcs	.+12     	; 0x1aaa <__ftoa_engine+0x19a>
    1a9e:	83 95       	inc	r24
    1aa0:	71 e3       	ldi	r23, 0x31	; 49
    1aa2:	7d 93       	st	X+, r23
    1aa4:	70 e3       	ldi	r23, 0x30	; 48
    1aa6:	2a 95       	dec	r18
    1aa8:	e1 f7       	brne	.-8      	; 0x1aa2 <__ftoa_engine+0x192>
    1aaa:	11 24       	eor	r1, r1
    1aac:	ef 90       	pop	r14
    1aae:	ff 90       	pop	r15
    1ab0:	0f 91       	pop	r16
    1ab2:	1f 91       	pop	r17
    1ab4:	cf 91       	pop	r28
    1ab6:	df 91       	pop	r29
    1ab8:	99 27       	eor	r25, r25
    1aba:	87 fd       	sbrc	r24, 7
    1abc:	90 95       	com	r25
    1abe:	08 95       	ret

00001ac0 <_exit>:
    1ac0:	f8 94       	cli

00001ac2 <__stop_program>:
    1ac2:	ff cf       	rjmp	.-2      	; 0x1ac2 <__stop_program>
